shape,frequency,order,type,instance,CGPT_entries
flower5,100.00,1,theoretical,rand1,"0.898778 +0.0500107i 2.67903e-16 +2.18276e-15i 2.53217e-16 +1.07817e-15i      0.898778 +0.0500107i"
flower5,150.00,1,theoretical,rand1,"0.904521 +0.0341544i 2.94926e-16 +2.76887e-15i   1.958e-16 +2.91427e-15i      0.904521 +0.0341544i"
flower5,200.00,1,theoretical,rand1,"0.906599 +0.0258367i 3.34501e-16 +4.01099e-15i 3.26983e-16 +1.84027e-15i      0.906599 +0.0258367i"
flower5,100.00,1,reconstructed,rand1,"0.910476 +0.0505255i -0.00686722 -0.000228007i  0.00370085 +2.63462e-05i      0.906571 +0.0508619i"
flower5,150.00,1,reconstructed,rand1,"0.913412 +0.0344341i -0.00597562 -0.000457913i  0.00282991 -5.57465e-07i      0.903871 +0.0341503i"
flower5,200.00,1,reconstructed,rand1,"0.925662 +0.0264312i -0.0198289 -0.000510855i  0.0161024 +0.000368345i     0.915053 +0.0260707i"
flower5,100.00,1,theoretical,rand2,"4.56721 +0.254133i  6.1984e-16 -5.04887e-16i 1.95768e-16 -3.56862e-15i        4.56721 +0.254133i"
flower5,150.00,1,theoretical,rand2,"4.59639 +0.173558i 8.17146e-16 -8.28914e-16i  3.5668e-16 -6.91005e-15i        4.59639 +0.173558i"
flower5,200.00,1,theoretical,rand2,"4.60695 +0.131291i -2.54196e-16 -4.72301e-16i   9.7883e-17 -4.90853e-15i         4.60695 +0.131291i"
flower5,100.00,1,reconstructed,rand2,"4.57336 +0.254731i    -0.106288 -0.00637909i -0.00430494 +0.000281636i        4.64185 +0.258333i"
flower5,150.00,1,reconstructed,rand2,"4.56904 +0.174117i 0.0307102 +0.00032763i 0.0199343 -0.00050098i     4.62614 +0.175487i"
flower5,200.00,1,reconstructed,rand2,"4.59315 +0.130438i -0.010741 +2.33485e-05i   0.039142 +0.00162045i      4.66016 +0.132706i"
flower5,100.00,1,theoretical,rand1,"3.40465 +0.189445i  7.4857e-16 +4.27237e-15i 2.02641e-16 +1.70382e-15i        3.40465 +0.189445i"
flower5,150.00,1,theoretical,rand1,"3.42641 +0.12938i 8.62046e-16 +8.57295e-15i 4.86678e-16 -3.89012e-15i         3.42641 +0.12938i"
flower5,200.00,1,theoretical,rand1,"3.43428 +0.097872i 5.81424e-17 +3.31145e-15i  -1.48446e-16 +6.258e-16i        3.43428 +0.097872i"
flower5,100.00,1,reconstructed,rand1,"3.44779 +0.191572i -0.000915523 +0.000723446i   -0.00118412 +0.00189827i         3.38789 +0.189966i"
flower5,150.00,1,reconstructed,rand1,"3.48419 +0.13067i  -0.0692061 -0.0027573i 0.0233869 +0.000842771i      3.45962 +0.130216i"
flower5,200.00,1,reconstructed,rand1,"3.48708 +0.0993412i  -0.0824211 -0.00199871i 0.00341492 +0.000212987i       3.46564 +0.098665i"
flower5,100.00,1,theoretical,rand2,"4.00443 +0.222818i 5.40642e-16 +5.78071e-16i  4.9727e-16 -3.50629e-15i        4.00443 +0.222818i"
flower5,150.00,1,theoretical,rand2,"4.03002 +0.152172i  5.02306e-16 -1.28439e-16i -7.76089e-16 -8.21718e-15i         4.03002 +0.152172i"
flower5,200.00,1,theoretical,rand2,"4.03928 +0.115114i  2.37093e-16 +7.36612e-16i -5.03583e-17 -1.21805e-14i         4.03928 +0.115114i"
flower5,100.00,1,reconstructed,rand2,"4.00791 +0.22321i   0.0182021 -0.0006642i -0.0509392 -0.00120704i        4.059 +0.224944i"
flower5,150.00,1,reconstructed,rand2,"4.04852 +0.151957i -0.0301048 -0.000843342i  -0.0713925 -0.00296212i       3.95962 +0.149501i"
flower5,200.00,1,reconstructed,rand2,"3.99763 +0.114411i -0.00403461 -0.000487368i   0.0117377 +0.000987437i        4.07558 +0.116265i"
flower5,100.00,1,theoretical,rand1,"0.980584 +0.0545626i  2.82884e-17 -1.68211e-16i -1.65403e-16 -3.78373e-15i       0.980584 +0.0545626i"
flower5,150.00,1,theoretical,rand1,"0.986851 +0.0372631i  6.17468e-17 -2.88033e-16i -1.86629e-17 -4.38085e-15i       0.986851 +0.0372631i"
flower5,200.00,1,theoretical,rand1,"0.989118 +0.0281884i  1.43493e-16 -2.12276e-16i -2.77407e-16 -8.38319e-15i       0.989118 +0.0281884i"
flower5,100.00,1,reconstructed,rand1,"0.964829 +0.0534791i 0.00890235 +0.000202384i  -0.0030724 -0.00019688i      1.01303 +0.0562577i"
flower5,150.00,1,reconstructed,rand1,"0.977804 +0.0369776i -0.0315951 -0.00127634i 0.0114875 +0.000378008i    0.992013 +0.0375209i"
flower5,200.00,1,reconstructed,rand1,"0.993344 +0.0283388i -0.0162225 -0.000260294i -0.0102175 -0.000337262i      1.00673 +0.0287007i"
flower5,100.00,1,theoretical,rand2,"2.32943 +0.129616i  7.02533e-16 +3.65343e-15i -4.60676e-16 -2.14104e-15i         2.32943 +0.129616i"
flower5,150.00,1,theoretical,rand2,"2.34432 +0.0885206i -2.7955e-16 +2.36952e-15i  -6.34586e-16 -3.773e-15i       2.34432 +0.0885206i"
flower5,200.00,1,theoretical,rand2,"2.3497 +0.0669631i -3.35068e-16 +5.36932e-16i -5.01864e-16 -3.91945e-15i         2.3497 +0.0669631i"
flower5,100.00,1,reconstructed,rand2,"2.34413 +0.130104i  0.0358494 +0.00192526i -0.0472036 -0.00291049i      2.30754 +0.127677i"
flower5,150.00,1,reconstructed,rand2,"2.36748 +0.0893587i  -0.0723969 -0.0022533i 0.0182067 +0.000454258i     2.29681 +0.0871065i"
flower5,200.00,1,reconstructed,rand2,"2.40941 +0.0684633i -0.0188321 -0.000450373i  0.0132872 +0.000757098i      2.38013 +0.0679467i"
flower5,100.00,1,theoretical,rand1,"3.17078 +0.176431i  6.20252e-17 +3.44767e-15i -9.96878e-16 -2.49732e-15i         3.17078 +0.176431i"
flower5,150.00,1,theoretical,rand1,"3.19104 +0.120492i -2.53501e-16 +4.68546e-15i -7.91012e-16 -1.81239e-15i         3.19104 +0.120492i"
flower5,200.00,1,theoretical,rand1,"3.19837 +0.0911489i  1.50617e-16 +5.19292e-15i -8.40604e-16 -2.25495e-15i        3.19837 +0.0911489i"
flower5,100.00,1,reconstructed,rand1,"3.19514 +0.177319i -0.0435906 -0.00149382i -0.0364732 -0.00269526i      3.18499 +0.176556i"
flower5,150.00,1,reconstructed,rand1,"3.23963 +0.122334i    0.0377622 +0.00130721i 0.000344531 -0.000771182i         3.18003 +0.12003i"
flower5,200.00,1,reconstructed,rand1,"3.15698 +0.0905288i -0.0568989 -0.00192968i  0.038899 +0.000861309i     3.22308 +0.0921949i"
flower5,100.00,1,theoretical,rand2,"0.961138 +0.0534806i  5.49338e-17 +3.26254e-16i -5.02432e-16 -2.97694e-15i       0.961138 +0.0534806i"
flower5,150.00,1,theoretical,rand2,"0.96728 +0.0365241i  1.32007e-17 -1.12175e-16i -4.07145e-16 -6.59792e-15i        0.96728 +0.0365241i"
flower5,200.00,1,theoretical,rand2,"0.969503 +0.0276294i   7.24218e-17 +6.4675e-16i -4.39853e-16 -5.82547e-15i       0.969503 +0.0276294i"
flower5,100.00,1,reconstructed,rand2,"0.983022 +0.0546975i  0.00698587 +0.000325612i -0.00289012 -0.000483942i      0.957453 +0.0535821i"
flower5,150.00,1,reconstructed,rand2,"0.990492 +0.0373085i  0.0176652 +0.0005621i 0.0362404 +0.00122081i   0.956916 +0.0359178i"
flower5,200.00,1,reconstructed,rand2,"0.969967 +0.0275446i -0.00372523 -0.000141083i  -0.0139333 -0.000521069i      0.969828 +0.0276383i"
flower5,100.00,1,theoretical,rand1,"5.06541 +0.281854i -1.4057e-15 +1.88847e-15i -4.64124e-16 +2.2412e-15i        5.06541 +0.281854i"
flower5,150.00,1,theoretical,rand1,"5.09778 +0.19249i -4.87849e-16 +4.32204e-15i -1.14922e-15 +3.57592e-15i          5.09778 +0.19249i"
flower5,200.00,1,theoretical,rand1,"5.10949 +0.145613i  2.97217e-17 +6.80277e-15i -1.07202e-15 -7.39445e-15i         5.10949 +0.145613i"
flower5,100.00,1,reconstructed,rand1,"5.14626 +0.28803i 0.0746631 +0.00673916i 0.0905419 +0.00468341i     5.14437 +0.286759i"
flower5,150.00,1,reconstructed,rand1,"5.24452 +0.198971i  -0.196764 -0.00737677i -0.0942004 -0.00371406i      5.13991 +0.193877i"
flower5,200.00,1,reconstructed,rand1,"5.13931 +0.146352i  0.0564076 +0.00157939i 0.0173366 +0.000230745i      5.16404 +0.146383i"
flower5,100.00,1,theoretical,rand2,"2.5 +0.139108i  6.39799e-16 +6.23613e-15i -8.06851e-17 +2.92427e-15i             2.5 +0.139108i"
flower5,150.00,1,theoretical,rand2,"2.51598 +0.0950024i -1.85966e-16 +1.04964e-14i -2.60186e-16 +2.30304e-15i        2.51598 +0.0950024i"
flower5,200.00,1,theoretical,rand2,"2.52176 +0.0718664i  6.45986e-16 +1.45884e-14i -3.39437e-16 +3.00378e-15i        2.52176 +0.0718664i"
flower5,100.00,1,reconstructed,rand2,"2.49166 +0.13849i  0.019579 +0.000905359i -0.0429563 -0.00134356i      2.45706 +0.137693i"
flower5,150.00,1,reconstructed,rand2,"2.512 +0.0950831i -0.00534762 -0.000413128i   0.0146437 -6.63646e-06i       2.47162 +0.0930059i"
flower5,200.00,1,reconstructed,rand2,"2.43 +0.0697054i -0.0021622 -5.9562e-05i 0.00216069 -0.00020759i     2.52531 +0.0718607i"
flower5,100.00,1,theoretical,rand1,"1.21784 +0.0677644i -1.97739e-16 +1.13294e-16i  3.56876e-16 +1.52633e-15i        1.21784 +0.0677644i"
flower5,150.00,1,theoretical,rand1,"1.22563 +0.0462792i -8.72655e-17 +8.25947e-17i   4.91234e-17 +1.3514e-15i        1.22563 +0.0462792i"
flower5,200.00,1,theoretical,rand1,"1.22844 +0.0350088i 1.27945e-18 +2.19331e-16i 3.62014e-16 +2.77434e-15i       1.22844 +0.0350088i"
flower5,100.00,1,reconstructed,rand1,"1.21095 +0.0674234i -0.0226407 -0.00142795i 0.0056431 -0.000201886i      1.2342 +0.0688536i"
flower5,150.00,1,reconstructed,rand1,"1.2127 +0.0457952i  -0.0160137 -0.00033691i 0.00314894 +0.000193553i      1.22064 +0.0461382i"
flower5,200.00,1,reconstructed,rand1,"1.20894 +0.034387i  -0.0191038 -0.00049073i -0.0149323 -0.000306511i      1.21389 +0.0344657i"
flower5,100.00,1,theoretical,rand2,"3.70401 +0.206102i -2.68817e-16 +9.67398e-16i -8.96903e-16 -8.76304e-16i         3.70401 +0.206102i"
flower5,150.00,1,theoretical,rand2,"3.72768 +0.140756i -2.16175e-16 +1.28796e-15i -5.75598e-16 -2.34149e-16i         3.72768 +0.140756i"
flower5,200.00,1,theoretical,rand2,"3.73625 +0.106478i  1.40771e-16 +2.47881e-15i -7.87194e-16 -1.20985e-15i         3.73625 +0.106478i"
flower5,100.00,1,reconstructed,rand2,"3.69252 +0.205319i  0.0278631 +0.00106862i -0.0738965 -0.00418239i      3.70538 +0.206328i"
flower5,150.00,1,reconstructed,rand2,"3.73182 +0.141512i 0.0166858 +0.000967423i -0.0604426 -0.00165322i      3.68658 +0.139083i"
flower5,200.00,1,reconstructed,rand2,"3.73214 +0.106661i 0.0118366 +0.000341621i  0.0121401 +2.8928e-05i       3.8397 +0.109825i"
flower5,100.00,1,theoretical,rand1,"1.40552 +0.0782073i -3.97655e-16 -3.09472e-15i -2.76577e-17 +7.50967e-16i        1.40552 +0.0782073i"
flower5,150.00,1,theoretical,rand1,"1.4145 +0.0534111i  -2.1527e-16 -1.81703e-15i -2.60476e-16 +1.02091e-15i         1.4145 +0.0534111i"
flower5,200.00,1,theoretical,rand1,"1.41775 +0.0404038i -1.12117e-15 -9.94208e-15i -3.76079e-16 +1.58921e-15i        1.41775 +0.0404038i"
flower5,100.00,1,reconstructed,rand1,"1.41485 +0.0787754i -0.0140995 -0.000585318i 0.00682288 +0.000645498i      1.39648 +0.0774176i"
flower5,150.00,1,reconstructed,rand1,"1.42645 +0.0540019i -0.0294395 -0.000987627i  0.0193289 +0.000635495i      1.43268 +0.0541107i"
flower5,200.00,1,reconstructed,rand1,"1.43619 +0.0407485i 0.00878166 +0.000177166i 0.00933371 +8.19088e-05i      1.45547 +0.0414854i"
flower5,100.00,1,theoretical,rand2,"3.01943 +0.16801i  1.73181e-16 -4.34192e-16i -1.05078e-15 -1.02414e-14i          3.01943 +0.16801i"
flower5,150.00,1,theoretical,rand2,"3.03872 +0.114741i -1.23525e-16 -5.67964e-16i  -1.5723e-15 -1.79385e-14i         3.03872 +0.114741i"
flower5,200.00,1,theoretical,rand2,"3.0457 +0.0867981i    -1.01e-16 -3.09057e-16i -1.05532e-15 -1.36431e-14i         3.0457 +0.0867981i"
flower5,100.00,1,reconstructed,rand2,"3.01927 +0.169804i -0.00489593 +0.000581724i   -0.0557042 -0.00435385i        3.03248 +0.167419i"
flower5,150.00,1,reconstructed,rand2,"2.97889 +0.114129i -0.0302055 -0.00113197i  0.0905302 +0.00332648i      3.02362 +0.113693i"
flower5,200.00,1,reconstructed,rand2,"3.12151 +0.0888962i 0.0722936 +0.00206646i 0.0706047 +0.00166503i    3.05813 +0.0875157i"
flower5,100.00,1,theoretical,rand1,"3.0233 +0.168225i -7.86246e-16 -6.39994e-15i -4.91053e-16 +4.78894e-16i          3.0233 +0.168225i"
flower5,150.00,1,theoretical,rand1,"3.04262 +0.114888i -2.37126e-15 -1.67289e-14i -4.50431e-16 +1.43029e-15i         3.04262 +0.114888i"
flower5,200.00,1,theoretical,rand1,"3.04961 +0.0869095i  -1.5637e-15 -1.21833e-14i -1.77669e-16 +4.39728e-15i        3.04961 +0.0869095i"
flower5,100.00,1,reconstructed,rand1,"3.02504 +0.168073i 0.0628242 +0.0034932i 0.042162 +0.00301606i    3.07271 +0.171377i"
flower5,150.00,1,reconstructed,rand1,"3.11671 +0.117375i  0.0393373 +0.00178399i -0.0682626 -0.00236537i      3.07251 +0.115326i"
flower5,200.00,1,reconstructed,rand1,"3.0289 +0.0861819i 0.0238747 +0.00114136i 0.0115199 +0.00010866i    2.99975 +0.0859546i"
flower5,100.00,1,theoretical,rand2,"1.43485 +0.0798393i  -1.74005e-16 -3.3332e-16i -2.80164e-16 -2.76511e-15i        1.43485 +0.0798393i"
flower5,150.00,1,theoretical,rand2,"1.44402 +0.0545257i -2.09893e-16 -2.05694e-15i -3.70013e-16 -1.78666e-15i        1.44402 +0.0545257i"
flower5,200.00,1,theoretical,rand2,"1.44734 +0.041247i 3.52027e-17 -3.63062e-15i 2.77655e-17 -1.06095e-15i        1.44734 +0.041247i"
flower5,100.00,1,reconstructed,rand2,"1.45601 +0.0807145i 0.00345671 -0.000301163i  -0.0330906 -0.00144679i      1.43508 +0.0796149i"
flower5,150.00,1,reconstructed,rand2,"1.41809 +0.0537835i -0.00131308 -0.000213727i     0.027049 +0.00094506i       1.44556 +0.0543686i"
flower5,200.00,1,reconstructed,rand2,"1.49189 +0.0425303i 0.00865861 +0.000220449i  0.0296577 +0.000611726i      1.44156 +0.0412279i"
flower5,100.00,1,theoretical,rand1,"1.31795 +0.0733349i  -3.34484e-16 -1.7109e-15i -2.11476e-16 +3.76188e-17i        1.31795 +0.0733349i"
flower5,150.00,1,theoretical,rand1,"1.32638 +0.0500835i -4.70693e-16 -1.09354e-15i -3.37847e-16 +6.57462e-17i        1.32638 +0.0500835i"
flower5,200.00,1,theoretical,rand1,"1.32942 +0.0378866i -1.82787e-16 -1.38228e-15i -4.15472e-16 +3.06351e-16i        1.32942 +0.0378866i"
flower5,100.00,1,reconstructed,rand1,"1.31376 +0.0733963i -0.00418679 -0.000158524i  0.00300966 +5.41204e-05i       1.30639 +0.0728917i"
flower5,150.00,1,reconstructed,rand1,"1.34091 +0.0504213i -0.00361465 -0.00022027i  0.0155481 +0.000757149i      1.32728 +0.0503254i"
flower5,200.00,1,reconstructed,rand1,"1.31922 +0.0376626i 0.0142417 +0.000402001i  0.0494564 +0.00118636i     1.34901 +0.0384467i"
flower5,100.00,1,theoretical,rand2,"0.639637 +0.0355913i  5.61844e-17 +4.45294e-19i -1.62935e-16 -1.29109e-15i       0.639637 +0.0355913i"
flower5,150.00,1,theoretical,rand2,"0.643724 +0.0243068i   7.382e-18 +1.60456e-16i 2.34765e-16 +2.41726e-15i      0.643724 +0.0243068i"
flower5,200.00,1,theoretical,rand2,"0.645203 +0.0183873i  5.48495e-17 -1.0765e-16i 2.62226e-16 +2.01898e-15i      0.645203 +0.0183873i"
flower5,100.00,1,reconstructed,rand2,"0.643376 +0.0356644i -0.000891092 +7.15481e-05i   0.00325405 -1.95207e-05i       0.627069 +0.0349535i"
flower5,150.00,1,reconstructed,rand2,"0.643939 +0.0244064i -0.00022675 -0.000187698i   0.0113954 +0.000490846i      0.657717 +0.0247338i"
flower5,200.00,1,reconstructed,rand2,"0.652399 +0.0185881i -0.00537487 -7.0837e-05i 0.00226514 +3.23534e-05i     0.657784 +0.0187408i"
flower5,100.00,1,theoretical,rand1,"2.5643 +0.142685i  9.9851e-16 +4.03561e-15i 4.36831e-16 +1.42372e-15i         2.5643 +0.142685i"
flower5,150.00,1,theoretical,rand1,"2.58069 +0.0974459i 5.36868e-16 +5.82598e-15i 2.90749e-16 +1.71902e-16i       2.58069 +0.0974459i"
flower5,200.00,1,theoretical,rand1,"2.58662 +0.0737149i -2.50913e-16 -1.95444e-17i  7.95219e-17 +6.13597e-15i        2.58662 +0.0737149i"
flower5,100.00,1,reconstructed,rand1,"2.57372 +0.142581i 0.00400483 +0.000396294i  -0.0246272 -0.00132604i       2.60773 +0.145626i"
flower5,150.00,1,reconstructed,rand1,"2.70635 +0.102728i -0.0147898 -0.000728151i   0.0402813 +0.00159845i      2.62034 +0.0990896i"
flower5,200.00,1,reconstructed,rand1,"2.57357 +0.0733921i 0.0334734 +0.000585452i -0.021915 -0.000340085i     2.55836 +0.0724802i"
flower5,100.00,1,theoretical,rand2,"1.87645 +0.104411i -1.43353e-15 -6.33707e-15i  -8.4761e-16 -4.62991e-15i         1.87645 +0.104411i"
flower5,150.00,1,theoretical,rand2,"1.88845 +0.071307i -6.88027e-16 -9.53688e-15i  -8.11219e-16 -7.6948e-15i         1.88845 +0.071307i"
flower5,200.00,1,theoretical,rand2,"1.89278 +0.0539416i -9.26226e-16 -8.17843e-15i -6.35847e-16 -8.10905e-15i        1.89278 +0.0539416i"
flower5,100.00,1,reconstructed,rand2,"1.89913 +0.105923i -0.0231066 -0.00177596i  0.0245589 +0.00207131i      1.90944 +0.106925i"
flower5,150.00,1,reconstructed,rand2,"1.91251 +0.0718969i  0.0197256 +0.00066117i 0.0101293 +3.03708e-05i     1.94351 +0.0737662i"
flower5,200.00,1,reconstructed,rand2,"1.85861 +0.0533213i 0.0199252 +0.000750797i 0.0350489 +0.000792698i     1.93036 +0.0550599i"
flower6,100.00,1,theoretical,rand1,"1.38945 +0.0818536i -1.93334e-17 -8.66946e-17i  4.95738e-16 +4.14733e-15i        1.38945 +0.0818536i"
flower6,150.00,1,theoretical,rand1,"1.39904 +0.0559586i 2.75296e-16 -8.04028e-17i  4.7828e-16 +7.96824e-15i       1.39904 +0.0559586i"
flower6,200.00,1,theoretical,rand1,"1.40252 +0.0423467i 2.53506e-17 -5.07455e-16i 6.21712e-16 +1.22989e-14i       1.40252 +0.0423467i"
flower6,100.00,1,reconstructed,rand1,"1.39076 +0.0813487i  0.0177613 +0.000734494i 0.00744401 -8.62381e-05i      1.35893 +0.0804246i"
flower6,150.00,1,reconstructed,rand1,"1.38389 +0.0554845i -0.0138409 -0.00052088i 0.0183279 +0.000593297i      1.39863 +0.055928i"
flower6,200.00,1,reconstructed,rand1,"1.42281 +0.0428275i  0.00275527 +0.000120659i -0.00430587 +6.33757e-06i       1.38273 +0.0414512i"
flower6,100.00,1,theoretical,rand2,"1.27674 +0.0752142i -9.81963e-17 -8.14454e-16i  -9.58497e-17 -1.2266e-15i        1.27674 +0.0752142i"
flower6,150.00,1,theoretical,rand2,"1.28556 +0.0514196i  3.01843e-16 +1.81783e-16i -9.39187e-17 -2.03007e-15i        1.28556 +0.0514196i"
flower6,200.00,1,theoretical,rand2,"1.28875 +0.0389118i 2.52158e-16 +3.06948e-15i 1.74186e-16 -2.01354e-15i       1.28875 +0.0389118i"
flower6,100.00,1,reconstructed,rand2,"1.27885 +0.075268i 0.00163545 -0.000186115i 0.00121505 -0.000161495i      1.26893 +0.0746778i"
flower6,150.00,1,reconstructed,rand2,"1.26013 +0.0503763i -0.00272083 -4.43094e-06i -0.00237719 -0.000169366i       1.26545 +0.0502506i"
flower6,200.00,1,reconstructed,rand2,"1.2945 +0.0388739i -0.0110774 -0.000420106i 0.00313941 +0.000365773i      1.29251 +0.0389813i"
flower6,100.00,1,theoretical,rand1,"0.773234 +0.0455519i 1.00816e-17 +6.89137e-16i -1.6541e-16 -4.69875e-16i      0.773234 +0.0455519i"
flower6,150.00,1,theoretical,rand1,"0.778573 +0.0311412i -9.04532e-17 +1.14041e-15i  2.91164e-17 -5.70357e-16i       0.778573 +0.0311412i"
flower6,200.00,1,theoretical,rand1,"0.780507 +0.0235661i -3.45688e-17 -1.13998e-15i -1.19002e-16 -1.32274e-15i       0.780507 +0.0235661i"
flower6,100.00,1,reconstructed,rand1,"0.780947 +0.0458147i  0.00728413 +0.000866696i 0.000940097 -3.60676e-05i      0.791729 +0.0469651i"
flower6,150.00,1,reconstructed,rand1,"0.787828 +0.0314801i  -0.00957335 -0.000501802i -0.000305011 -0.000195288i       0.786152 +0.0315086i"
flower6,200.00,1,reconstructed,rand1,"0.760124 +0.0228499i  0.0187576 +0.000632411i 0.00272205 +1.45972e-05i     0.800552 +0.0241866i"
flower6,100.00,1,theoretical,rand2,"3.73635 +0.220112i -1.21611e-15 +8.84548e-16i -9.45281e-16 -1.79205e-15i         3.73635 +0.220112i"
flower6,150.00,1,theoretical,rand2,"3.76214 +0.150478i -4.83197e-16 -3.74484e-15i -4.71538e-16 -3.20337e-15i         3.76214 +0.150478i"
flower6,200.00,1,theoretical,rand2,"3.77149 +0.113874i -1.18793e-15 -6.60468e-15i -8.44686e-16 -6.36967e-15i         3.77149 +0.113874i"
flower6,100.00,1,reconstructed,rand2,"3.82864 +0.22605i   0.0226613 +0.000488249i 0.000233911 -0.000214267i         3.76197 +0.22166i"
flower6,150.00,1,reconstructed,rand2,"3.77273 +0.151292i -0.082674 -0.00262575i -0.0412508 -0.0013933i     3.78928 +0.152505i"
flower6,200.00,1,reconstructed,rand2,"3.78148 +0.114081i 0.0108086 +0.000713346i  -0.0279716 -0.0010387i      3.78812 +0.114435i"
flower6,100.00,1,theoretical,rand1,"0.82827 +0.0487942i    -2.84417e-17 +4.36e-16i -1.43441e-16 -5.98964e-17i        0.82827 +0.0487942i"
flower6,150.00,1,theoretical,rand1,"0.833989 +0.0333578i -2.49511e-16 -5.75084e-16i -2.86041e-16 -1.57562e-15i       0.833989 +0.0333578i"
flower6,200.00,1,theoretical,rand1,"0.836061 +0.0252435i -1.05301e-16 +3.44079e-16i -2.37581e-16 -1.66027e-15i       0.836061 +0.0252435i"
flower6,100.00,1,reconstructed,rand1,"0.821423 +0.0488028i -0.000198228 +0.000229618i    -0.0223757 -0.00141411i       0.827518 +0.0488068i"
flower6,150.00,1,reconstructed,rand1,"0.834092 +0.0333103i -0.012672 -0.000557863i    0.0120556 +0.000465i    0.870819 +0.0347388i"
flower6,200.00,1,reconstructed,rand1,"0.827725 +0.0249875i 0.0119181 +0.000332566i 0.0028212 +0.000183568i    0.824879 +0.0250323i"
flower6,100.00,1,theoretical,rand2,"0.814298 +0.047971i 3.25961e-17 +1.48997e-16i  2.52195e-16 +3.3267e-15i       0.814298 +0.047971i"
flower6,150.00,1,theoretical,rand2,"0.81992 +0.032795i 3.36095e-17 +1.12957e-15i -1.62334e-16 +2.4927e-15i        0.81992 +0.032795i"
flower6,200.00,1,theoretical,rand2,"0.821957 +0.0248177i -6.48441e-17 +1.2045e-15i 2.56077e-17 +3.61846e-15i      0.821957 +0.0248177i"
flower6,100.00,1,reconstructed,rand2,"0.843925 +0.0500167i -0.00353062 -0.000278107i -0.00496701 -0.000199961i      0.822966 +0.0484293i"
flower6,150.00,1,reconstructed,rand2,"0.801925 +0.0322671i 0.00515286 +0.00011424i 0.0150115 +0.000735813i    0.810894 +0.0324195i"
flower6,200.00,1,reconstructed,rand2,"0.826757 +0.0247773i   0.0122225 +0.000254161i -0.000916941 -6.9736e-06i      0.823112 +0.0248757i"
flower6,100.00,1,theoretical,rand1,"4.0779 +0.240233i 6.57863e-16 +3.20371e-15i 5.61693e-16 +3.98858e-15i         4.0779 +0.240233i"
flower6,150.00,1,theoretical,rand1,"4.10605 +0.164233i 5.54349e-16 +4.36804e-15i 4.85093e-16 +8.69289e-15i        4.10605 +0.164233i"
flower6,200.00,1,theoretical,rand1,"4.11625 +0.124284i 9.85928e-16 +3.64351e-15i 1.79587e-15 +2.86296e-15i        4.11625 +0.124284i"
flower6,100.00,1,reconstructed,rand1,"4.17978 +0.245684i  0.0508055 +0.00401251i -0.0331674 -0.00256608i      4.10612 +0.244359i"
flower6,150.00,1,reconstructed,rand1,"4.0843 +0.163653i -0.0180743 -0.000250487i  0.0207343 +0.000727696i       4.16378 +0.166649i"
flower6,200.00,1,reconstructed,rand1,"4.20202 +0.126448i   0.0801298 +0.00251765i 0.00270002 +0.000215957i       4.10113 +0.124472i"
flower6,100.00,1,theoretical,rand2,"0.909284 +0.0535668i -4.55745e-16 -2.40076e-15i -1.53345e-16 +2.23633e-16i       0.909284 +0.0535668i"
flower6,150.00,1,theoretical,rand2,"0.915562 +0.0366205i  4.40582e-17 -6.55261e-16i -1.23139e-16 +3.91702e-17i       0.915562 +0.0366205i"
flower6,200.00,1,theoretical,rand2,"0.917837 +0.0277126i -1.79247e-16 -2.91952e-15i -2.91537e-16 +1.01022e-15i       0.917837 +0.0277126i"
flower6,100.00,1,reconstructed,rand2,"0.916513 +0.05404i   0.00534059 +0.00037333i -0.00775403 -0.000230032i      0.917005 +0.0539196i"
flower6,150.00,1,reconstructed,rand2,"0.920798 +0.0370135i -0.0312936 -0.00117939i  0.019511 +0.000762842i    0.931775 +0.0372914i"
flower6,200.00,1,reconstructed,rand2,"0.900947 +0.027344i 0.0154479 +0.000310006i    0.02314 +0.00065827i    0.922434 +0.0277368i"
flower6,100.00,1,theoretical,rand1,"5.04955 +0.297473i  1.03793e-15 +2.50118e-15i -8.34543e-16 -1.17111e-16i         5.04955 +0.297473i"
flower6,150.00,1,theoretical,rand1,"5.08441 +0.203365i -4.23359e-17 +2.58346e-15i  8.94508e-17 +7.93815e-16i         5.08441 +0.203365i"
flower6,200.00,1,theoretical,rand1,"5.09704 +0.153897i 2.07132e-16 +3.06418e-16i 3.92512e-16 -1.23561e-15i        5.09704 +0.153897i"
flower6,100.00,1,reconstructed,rand1,"5.15831 +0.304442i 0.0264209 -0.000538081i 0.0408943 +0.000998237i      4.99742 +0.295344i"
flower6,150.00,1,reconstructed,rand1,"5.20593 +0.20791i -0.0892279 -0.00308799i 0.00369996 +0.00167795i      5.06821 +0.202902i"
flower6,200.00,1,reconstructed,rand1,"5.09648 +0.153759i -0.0284679 -0.0012182i  -0.16083 -0.00473065i     5.09499 +0.154572i"
flower6,100.00,1,theoretical,rand2,"1.43413 +0.0844862i 1.01827e-16 +5.91954e-16i 1.64916e-16 +3.09208e-18i       1.43413 +0.0844862i"
flower6,150.00,1,theoretical,rand2,"1.44404 +0.0577583i -2.13369e-16 +1.80333e-16i  2.16073e-16 +8.01803e-16i        1.44404 +0.0577583i"
flower6,200.00,1,theoretical,rand2,"1.44762 +0.0437087i  2.38237e-16 +2.28039e-15i -3.36565e-16 -1.23255e-15i        1.44762 +0.0437087i"
flower6,100.00,1,reconstructed,rand2,"1.41477 +0.0832771i -0.0016284 -0.000435164i 0.00837104 +0.000246177i      1.42771 +0.0840064i"
flower6,150.00,1,reconstructed,rand2,"1.44113 +0.0578218i -0.0080956 -0.000391956i    0.043564 +0.00193288i      1.45364 +0.0581599i"
flower6,200.00,1,reconstructed,rand2,"1.48648 +0.044701i   0.0362953 +0.00118268i 0.00743462 -0.000160562i      1.44231 +0.0436059i"
flower6,100.00,1,theoretical,rand1,"1.5547 +0.0915889i -7.07651e-17 +1.49135e-15i -1.34761e-16 +1.66849e-15i         1.5547 +0.0915889i"
flower6,150.00,1,theoretical,rand1,"1.56544 +0.0626141i  6.69855e-16 +3.75455e-15i -1.73813e-16 +1.25884e-15i        1.56544 +0.0626141i"
flower6,200.00,1,theoretical,rand1,"1.56933 +0.0473832i 1.44601e-16 +4.10061e-15i -3.9322e-17 +2.03545e-15i       1.56933 +0.0473832i"
flower6,100.00,1,reconstructed,rand1,"1.54796 +0.0907997i 0.0138121 +0.000513988i   0.044164 +0.00257888i     1.58581 +0.0934349i"
flower6,150.00,1,reconstructed,rand1,"1.5528 +0.0621049i 0.00777925 +0.000101622i 0.00549058 -5.32221e-06i      1.54604 +0.0620224i"
flower6,200.00,1,reconstructed,rand1,"1.58068 +0.0476886i   -0.0203869 -0.00099473i 0.000894147 -0.000239115i       1.57744 +0.0476744i"
flower6,100.00,1,theoretical,rand2,"1.24941 +0.0736037i -2.49993e-16 -4.78973e-16i  1.09354e-16 -1.03482e-15i        1.24941 +0.0736037i"
flower6,150.00,1,theoretical,rand2,"1.25803 +0.0503186i -8.72023e-16 -4.19801e-15i -4.30546e-17 -1.84105e-15i        1.25803 +0.0503186i"
flower6,200.00,1,theoretical,rand2,"1.26116 +0.0380786i -4.52832e-16 -5.16347e-15i -2.14147e-16 -1.87448e-15i        1.26116 +0.0380786i"
flower6,100.00,1,reconstructed,rand2,"1.25576 +0.0737427i 0.0145595 +0.000373992i   0.025016 +0.00128872i     1.24257 +0.0733326i"
flower6,150.00,1,reconstructed,rand2,"1.27618 +0.0511934i    0.0201046 +0.00119853i -0.00979361 -0.000932735i       1.24964 +0.0502236i"
flower6,200.00,1,reconstructed,rand2,"1.28797 +0.0389642i -0.0267759 -0.000735664i  -0.004426 -0.000210185i      1.28344 +0.0387483i"
flower6,100.00,1,theoretical,rand1,"4.68939 +0.276256i -1.06258e-15 -1.28433e-16i -5.35887e-16 -1.94822e-16i         4.68939 +0.276256i"
flower6,150.00,1,theoretical,rand1,"4.72177 +0.18886i  -1.0971e-15 -3.74116e-16i -3.80403e-16 +1.67527e-15i          4.72177 +0.18886i"
flower6,200.00,1,theoretical,rand1,"4.7335 +0.14292i   -4.59162e-16 -3.448e-16i -1.00787e-15 +9.69461e-16i           4.7335 +0.14292i"
flower6,100.00,1,reconstructed,rand1,"4.65496 +0.275613i -0.0090543 +0.00109608i 0.0379425 +0.000664541i      4.78497 +0.281034i"
flower6,150.00,1,reconstructed,rand1,"4.72441 +0.188253i -0.0982509 -0.00518425i -0.0820756 -0.00430087i      4.62941 +0.185548i"
flower6,200.00,1,reconstructed,rand1,"4.61013 +0.139749i -0.00597399 -0.00195372i  -0.0716019 -0.00180516i        4.7288 +0.141736i"
flower6,100.00,1,theoretical,rand2,"1.82533 +0.107532i 3.74563e-16 +1.90558e-15i -4.21588e-16 -3.0856e-15i        1.82533 +0.107532i"
flower6,150.00,1,theoretical,rand2,"1.83793 +0.0735133i  1.01486e-15 +4.73562e-15i -2.61452e-16 -5.01938e-15i        1.83793 +0.0735133i"
flower6,200.00,1,theoretical,rand2,"1.8425 +0.0556312i  2.70205e-16 +1.73995e-16i -3.31417e-16 -7.69928e-15i         1.8425 +0.0556312i"
flower6,100.00,1,reconstructed,rand2,"1.7962 +0.105087i -0.0384402 -0.00164978i  -0.0372099 -0.0023065i      1.81044 +0.106962i"
flower6,150.00,1,reconstructed,rand2,"1.8321 +0.0740656i    0.0413864 +0.00193709i -0.00467995 -0.000189603i       1.86955 +0.0747962i"
flower6,200.00,1,reconstructed,rand2,"1.88058 +0.0567108i  0.032732 +0.00102274i 0.0400445 +0.00141302i     1.84684 +0.055835i"
flower6,100.00,1,theoretical,rand1,"4.98297 +0.293551i  6.04467e-16 +4.86377e-15i -3.69361e-16 -8.54188e-16i         4.98297 +0.293551i"
flower6,150.00,1,theoretical,rand1,"5.01737 +0.200684i -9.83559e-16 -2.09589e-15i  6.59196e-16 +5.08473e-16i         5.01737 +0.200684i"
flower6,200.00,1,theoretical,rand1,"5.02984 +0.151868i  1.16877e-15 +1.1775e-14i -5.4418e-16 +3.17918e-16i        5.02984 +0.151868i"
flower6,100.00,1,reconstructed,rand1,"5.03173 +0.29555i -0.0606629 -0.00148147i  0.0245956 +0.00180354i      4.98131 +0.294377i"
flower6,150.00,1,reconstructed,rand1,"5.12054 +0.20284i -0.0101759 -0.00147839i  0.0608496 +0.00183808i      4.98021 +0.198328i"
flower6,200.00,1,reconstructed,rand1,"5.15979 +0.156132i    0.130888 +0.00422916i 0.00418887 +0.000385426i        5.08585 +0.15499i"
flower6,100.00,1,theoretical,rand2,"3.24723 +0.191297i  -8.7587e-17 +2.69237e-15i -7.34216e-16 -3.76835e-15i         3.24723 +0.191297i"
flower6,150.00,1,theoretical,rand2,"3.26965 +0.130779i -1.19099e-15 -5.16736e-16i -1.71603e-16 -3.47025e-15i         3.26965 +0.130779i"
flower6,200.00,1,theoretical,rand2,"3.27777 +0.0989669i -2.87248e-16 +2.09337e-15i -9.82168e-16 -5.97894e-15i        3.27777 +0.0989669i"
flower6,100.00,1,reconstructed,rand2,"3.25565 +0.19165i    -0.066485 -0.00409559i -0.00105234 +0.000458872i        3.33638 +0.197074i"
flower6,150.00,1,reconstructed,rand2,"3.2854 +0.131226i  0.0381093 +0.000495455i 0.00916449 -9.34437e-05i       3.32807 +0.132677i"
flower6,200.00,1,reconstructed,rand2,"3.37821 +0.102906i -0.000733579 -0.000132808i   -0.0120093 -0.000603073i         3.34083 +0.100926i"
flower6,100.00,1,theoretical,rand1,"2.44696 +0.144153i -3.68161e-16 -1.03864e-16i   9.16665e-17 -6.5251e-16i         2.44696 +0.144153i"
flower6,150.00,1,theoretical,rand1,"2.46386 +0.0985489i 5.85607e-17 -2.14118e-16i -1.41606e-16 -9.4177e-16i       2.46386 +0.0985489i"
flower6,200.00,1,theoretical,rand1,"2.46998 +0.0745769i -2.35549e-16 +1.71093e-15i -4.13456e-16 -2.02704e-15i        2.46998 +0.0745769i"
flower6,100.00,1,reconstructed,rand1,"2.51427 +0.148997i -0.0184443 -0.000490356i    0.016343 +0.00156973i       2.44781 +0.145653i"
flower6,150.00,1,reconstructed,rand1,"2.48066 +0.0994939i   -0.023798 -0.00017619i -0.0301069 -0.000981695i      2.47884 +0.0996291i"
flower6,200.00,1,reconstructed,rand1,"2.47773 +0.074865i  -0.0325754 -0.0012204i 0.0268845 +0.000630787i     2.42668 +0.0733265i"
flower6,100.00,1,theoretical,rand2,"2.37587 +0.139965i 1.38593e-15 +5.15991e-15i 8.41612e-17 +7.77031e-16i        2.37587 +0.139965i"
flower6,150.00,1,theoretical,rand2,"2.39228 +0.0956859i 8.11451e-16 +4.56645e-15i 4.08423e-16 +1.92736e-15i       2.39228 +0.0956859i"
flower6,200.00,1,theoretical,rand2,"2.39822 +0.0724104i 4.84669e-16 +7.94738e-15i  2.37871e-16 +3.1831e-15i       2.39822 +0.0724104i"
flower6,100.00,1,reconstructed,rand2,"2.3263 +0.136994i -0.0119303 -0.00104863i -0.0294744 -0.00203448i      2.34709 +0.138832i"
flower6,150.00,1,reconstructed,rand2,"2.38722 +0.0956334i -0.0207812 -7.93364e-05i   0.0221882 +0.00148517i      2.42568 +0.0967156i"
flower6,200.00,1,reconstructed,rand2,"2.40889 +0.0724613i -0.00811595 -0.000302131i   0.0333756 +0.000849326i       2.47003 +0.0745729i"
flower6,100.00,1,theoretical,rand1,"3.01157 +0.177415i 7.20124e-16 +3.40087e-15i 3.14818e-16 -2.57454e-15i        3.01157 +0.177415i"
flower6,150.00,1,theoretical,rand1,"3.03237 +0.121288i -1.9166e-16 -3.87814e-16i  1.40796e-17 -2.0015e-15i        3.03237 +0.121288i"
flower6,200.00,1,theoretical,rand1,"3.0399 +0.0917849i -7.05891e-16 -2.97588e-15i  3.51829e-16 -7.23017e-15i         3.0399 +0.0917849i"
flower6,100.00,1,reconstructed,rand1,"3.05121 +0.179247i  0.0655158 +0.00486147i -0.0705007 -0.00254569i      2.91082 +0.172465i"
flower6,150.00,1,reconstructed,rand1,"3.03024 +0.120193i  0.0861629 +0.00298909i -0.0462482 -0.00271141i      3.03458 +0.121957i"
flower6,200.00,1,reconstructed,rand1,"2.98557 +0.0899135i   0.0105897 -0.00018134i -0.00364276 +0.00024725i      3.02106 +0.0911409i"
flower6,100.00,1,theoretical,rand2,"1.26571 +0.0745643i   3.3902e-16 -1.26009e-15i -1.50643e-16 -8.05647e-16i        1.26571 +0.0745643i"
flower6,150.00,1,theoretical,rand2,"1.27445 +0.0509753i 1.32431e-16 -2.70729e-15i 4.92514e-17 -3.92002e-16i       1.27445 +0.0509753i"
flower6,200.00,1,theoretical,rand2,"1.27762 +0.0385756i  2.15704e-16 +4.09903e-18i -1.22965e-17 -2.01084e-15i        1.27762 +0.0385756i"
flower6,100.00,1,reconstructed,rand2,"1.25411 +0.0736541i   0.00594192 +0.000163154i -0.000341159 +0.000382303i        1.25184 +0.0740386i"
flower6,150.00,1,reconstructed,rand2,"1.27085 +0.0507803i  0.0297421 +0.00121669i 0.0276773 +0.000949793i      1.32017 +0.052944i"
flower6,200.00,1,reconstructed,rand2,"1.29766 +0.0391293i -0.0170496 -0.000500173i  0.00359508 +0.00023271i      1.27733 +0.0388604i"
ellipse,100.00,1,theoretical,rand1,"3.67209 +0.134764i -1.27291 -0.088933i -1.27291 -0.088933i   4.15095 +0.16822i"
ellipse,150.00,1,theoretical,rand1,"3.6857 +0.0915229i -1.28258 -0.0605632i -1.28258 -0.0605632i    4.1682 +0.114306i"
ellipse,200.00,1,theoretical,rand1,"3.69059 +0.0690946i -1.28606 -0.0457665i -1.28606 -0.0457665i  4.17439 +0.0863115i"
ellipse,100.00,1,reconstructed,rand1,"3.62695 +0.13303i -1.27015 -0.0870515i -1.32259 -0.0893777i     4.16591 +0.1694i"
ellipse,150.00,1,reconstructed,rand1,"3.74817 +0.0929968i -1.36607 -0.0627388i  -1.25932 -0.059513i   4.12826 +0.113143i"
ellipse,200.00,1,reconstructed,rand1,"3.74646 +0.0700747i -1.34672 -0.0472525i -1.26338 -0.0453019i  4.10381 +0.0855665i"
ellipse,100.00,1,theoretical,rand2,"1.15621 +0.0518587i 0.207152 +0.0144729i 0.207152 +0.0144729i 0.701503 +0.0200899i"
ellipse,150.00,1,theoretical,rand2,"1.1616 +0.035256i 0.208725 +0.00985599i 0.208725 +0.00985599i   0.70344 +0.0136216i"
ellipse,200.00,1,theoretical,rand2,"1.16354 +0.0266263i  0.209292 +0.007448i  0.209292 +0.007448i 0.704134 +0.0102775i"
ellipse,100.00,1,reconstructed,rand2,"1.1774 +0.0524687i 0.209046 +0.0148923i  0.198236 +0.014293i 0.693972 +0.0198139i"
ellipse,150.00,1,reconstructed,rand2,"1.16907 +0.0354608i 0.200932 +0.00971885i  0.248307 +0.0108518i   0.70273 +0.0137638i"
ellipse,200.00,1,reconstructed,rand2,"1.15284 +0.0263577i 0.208175 +0.00727828i 0.196941 +0.00717724i  0.702506 +0.0102188i"
ellipse,100.00,1,theoretical,rand1,"9.47561 +0.436282i 0.900312 +0.0629011i 0.900312 +0.0629011i   5.02456 +0.125304i"
ellipse,150.00,1,theoretical,rand1,"9.52111 +0.296642i 0.907149 +0.0428355i 0.907149 +0.0428355i  5.03625 +0.0848668i"
ellipse,200.00,1,theoretical,rand1,"9.53747 +0.224041i 0.909611 +0.0323701i 0.909611 +0.0323701i   5.04044 +0.064007i"
ellipse,100.00,1,reconstructed,rand1,"9.37372 +0.433781i   0.9197 +0.0613094i 0.964936 +0.0659388i    4.98463 +0.12416i"
ellipse,150.00,1,reconstructed,rand1,"9.54297 +0.294557i  1.00865 +0.0447449i 0.801834 +0.0401934i  5.12395 +0.0867913i"
ellipse,200.00,1,reconstructed,rand1,"9.53968 +0.223507i 0.886202 +0.0323475i 0.984978 +0.0344127i  4.99875 +0.0637622i"
ellipse,100.00,1,theoretical,rand2,"3.11139 +0.144567i 0.0477774 +0.00333801i 0.0477774 +0.00333801i    1.56563 +0.0365715i"
ellipse,150.00,1,theoretical,rand2,"3.12648 +0.0983i 0.0481403 +0.00227318i 0.0481403 +0.00227318i     1.56898 +0.024755i"
ellipse,200.00,1,theoretical,rand2,"3.13191 +0.0742432i 0.0482709 +0.0017178i 0.0482709 +0.0017178i   1.57018 +0.0186665i"
ellipse,100.00,1,reconstructed,rand2,"3.12105 +0.145095i 0.0669179 +0.00350878i 0.0691302 +0.00461797i    1.55666 +0.0362141i"
ellipse,150.00,1,reconstructed,rand2,"3.08534 +0.0972208i 0.0810932 +0.00279488i 0.0348201 +0.00190534i    1.58467 +0.0250421i"
ellipse,200.00,1,reconstructed,rand2,"3.18006 +0.0751904i 0.0477595 +0.00171163i  0.131952 +0.00384329i    1.58239 +0.0188827i"
ellipse,100.00,1,theoretical,rand1,"2.11667 +0.0924748i 0.483299 +0.0337662i 0.483299 +0.0337662i  1.44242 +0.0453674i"
ellipse,150.00,1,theoretical,rand1,"2.12625 +0.0628609i 0.486969 +0.0229947i 0.486969 +0.0229947i  1.44688 +0.0307809i"
ellipse,200.00,1,theoretical,rand1,"2.12969 +0.0474721i 0.488291 +0.0173767i 0.488291 +0.0173767i  1.44848 +0.0232298i"
ellipse,100.00,1,reconstructed,rand1,"2.05073 +0.0893635i 0.442462 +0.0320972i  0.48585 +0.0343092i  1.46692 +0.0465821i"
ellipse,150.00,1,reconstructed,rand1,"2.10154 +0.0618629i 0.475768 +0.0225739i 0.542422 +0.0247775i  1.48533 +0.0318181i"
ellipse,200.00,1,reconstructed,rand1,"2.14284 +0.0478058i 0.521277 +0.0176011i 0.566979 +0.0191109i  1.49182 +0.0241044i"
ellipse,100.00,1,theoretical,rand2,"2.06012 +0.0921088i 0.383607 +0.0268011i 0.383607 +0.0268011i  1.26867 +0.0368139i"
ellipse,150.00,1,theoretical,rand2,"2.06969 +0.0626191i 0.38652 +0.0182515i 0.38652 +0.0182515i 1.27223 +0.0249634i"
ellipse,200.00,1,theoretical,rand2,"2.07313 +0.0472914i 0.387569 +0.0137923i 0.387569 +0.0137923i  1.27351 +0.0188356i"
ellipse,100.00,1,reconstructed,rand2,"2.04816 +0.0911464i  0.340422 +0.025897i 0.434909 +0.0290576i  1.28179 +0.0376265i"
ellipse,150.00,1,reconstructed,rand2,"2.05585 +0.0620547i 0.366798 +0.0175349i 0.382586 +0.0179511i  1.27086 +0.0246719i"
ellipse,200.00,1,reconstructed,rand2,"2.06366 +0.0472196i 0.390119 +0.0135932i 0.439634 +0.0150318i   1.29439 +0.019324i"
ellipse,100.00,1,theoretical,rand1,"2.65761 +0.123504i -0.0226852 -0.00158492i -0.0226852 -0.00158492i     1.33598 +0.0311668i"
ellipse,150.00,1,theoretical,rand1,"2.67051 +0.0839777i -0.0228575 -0.00107933i -0.0228575 -0.00107933i     1.33884 +0.0210964i"
ellipse,200.00,1,theoretical,rand1,"2.67515 +0.0634259i -0.0229195 -0.000815631i -0.0229195 -0.000815631i      1.33986 +0.0159076i"
ellipse,100.00,1,reconstructed,rand1,"2.6725 +0.123382i -0.0339868 -0.00204364i -0.0105144 -0.00117801i     1.34656 +0.0315218i"
ellipse,150.00,1,reconstructed,rand1,"2.6183 +0.0826883i  -0.0257599 -0.00118506i -0.0243433 -0.000987583i      1.33665 +0.0208662i"
ellipse,200.00,1,reconstructed,rand1,"2.72964 +0.0644914i -0.00295355 -0.0009101i  0.0118622 +8.1195e-06i     1.33966 +0.0156963i"
ellipse,100.00,1,theoretical,rand2,"6.07561 +0.280851i -0.439872 -0.0307321i -0.439872 -0.0307321i    3.1501 +0.0764571i"
ellipse,150.00,1,theoretical,rand2,"6.10492 +0.190963i -0.443212 -0.0209285i -0.443212 -0.0209285i   3.15718 +0.0517711i"
ellipse,200.00,1,theoretical,rand2,"6.11545 +0.144228i -0.444415 -0.0158153i -0.444415 -0.0158153i   3.15972 +0.0390428i"
ellipse,100.00,1,reconstructed,rand2,"5.98066 +0.275986i -0.390859 -0.0305365i -0.624683 -0.0397383i   3.22903 +0.0789075i"
ellipse,150.00,1,reconstructed,rand2,"6.18074 +0.192899i -0.465748 -0.0206618i -0.572326 -0.0258658i   3.13931 +0.0525339i"
ellipse,200.00,1,reconstructed,rand2,"6.12379 +0.144865i  -0.417238 -0.0157379i -0.105076 -0.00791885i     3.14144 +0.037838i"
ellipse,100.00,1,theoretical,rand1,"3.58446 +0.0878191i -0.554282 -0.0387254i -0.554282 -0.0387254i    6.86073 +0.316719i"
ellipse,150.00,1,theoretical,rand1,"3.59262 +0.0594695i -0.558491 -0.0263719i -0.558491 -0.0263719i     6.89377 +0.21535i"
ellipse,200.00,1,theoretical,rand1,"3.59553 +0.0448497i -0.560007 -0.0199288i -0.560007 -0.0199288i    6.90564 +0.162646i"
ellipse,100.00,1,reconstructed,rand1,"3.57323 +0.0866165i -0.451853 -0.0346413i -0.615927 -0.0397167i    6.89382 +0.318402i"
ellipse,150.00,1,reconstructed,rand1,"3.5777 +0.0594602i  -0.510448 -0.025146i -0.678644 -0.0276746i    6.99431 +0.217836i"
ellipse,200.00,1,reconstructed,rand1,"3.61237 +0.0452617i  -0.42112 -0.0172992i -0.601757 -0.0207589i    6.82943 +0.162005i"
ellipse,100.00,1,theoretical,rand2,"1.21272 +0.0529225i -0.279002 -0.0194928i -0.279002 -0.0194928i  0.830258 +0.0262013i"
ellipse,150.00,1,theoretical,rand2,"1.2182 +0.0359745i -0.281121 -0.0132745i -0.281121 -0.0132745i  0.832835 +0.0177775i"
ellipse,200.00,1,theoretical,rand2,"1.22017 +0.0271677i -0.281884 -0.0100313i -0.281884 -0.0100313i  0.833759 +0.0134165i"
ellipse,100.00,1,reconstructed,rand2,"1.23166 +0.0541062i  -0.29636 -0.0200714i -0.245711 -0.0181184i  0.833649 +0.0262458i"
ellipse,150.00,1,reconstructed,rand2,"1.18969 +0.0351044i -0.265586 -0.0129248i -0.303781 -0.0143617i  0.860782 +0.0188379i"
ellipse,200.00,1,reconstructed,rand2,"1.18605 +0.026467i -0.282312 -0.00992931i -0.250951 -0.00931323i    0.833752 +0.013186i"
ellipse,100.00,1,theoretical,rand1,"4.4966 +0.12283i -1.19309 -0.0833565i -1.19309 -0.0833565i   7.79314 +0.353147i"
ellipse,150.00,1,theoretical,rand1,"4.50832 +0.0832529i -1.20215 -0.0567656i -1.20215 -0.0567656i    7.8299 +0.240098i"
ellipse,200.00,1,theoretical,rand1,"4.51252 +0.0628065i -1.20542 -0.0428967i -1.20542 -0.0428967i   7.84311 +0.181331i"
ellipse,100.00,1,reconstructed,rand1,"4.58367 +0.126898i -1.32526 -0.0872873i  -1.2696 -0.0851587i    7.79246 +0.35231i"
ellipse,150.00,1,reconstructed,rand1,"4.54889 +0.0843608i -1.34854 -0.0617396i -1.18959 -0.0568449i   7.90655 +0.242493i"
ellipse,200.00,1,reconstructed,rand1,"4.47862 +0.0622225i -1.19037 -0.0416078i -1.23125 -0.0421585i   7.73575 +0.178485i"
ellipse,100.00,1,theoretical,rand2,"5.78551 +0.174825i -1.85732 -0.129763i -1.85732 -0.129763i  8.94872 +0.395826i"
ellipse,150.00,1,theoretical,rand2,"5.80256 +0.118583i -1.87142 -0.0883686i -1.87142 -0.0883686i   8.98979 +0.269084i"
ellipse,200.00,1,theoretical,rand2,"5.80867 +0.0894836i -1.8765 -0.0667786i -1.8765 -0.0667786i  9.00455 +0.203214i"
ellipse,100.00,1,reconstructed,rand2,"5.85938 +0.175302i -1.88777 -0.131543i -1.92448 -0.128135i  8.94132 +0.394676i"
ellipse,150.00,1,reconstructed,rand2,"5.92634 +0.120078i -1.90558 -0.0892634i -1.95766 -0.0913253i   9.34502 +0.278228i"
ellipse,200.00,1,reconstructed,rand2,"5.94405 +0.0928877i -2.14057 -0.0732045i  -1.78538 -0.066221i    8.9981 +0.203025i"
ellipse,100.00,1,theoretical,rand1,"3.48601 +0.108941i 1.16119 +0.0811279i 1.16119 +0.0811279i   5.1606 +0.225938i"
ellipse,150.00,1,theoretical,rand1,"3.4967 +0.0739114i 1.17001 +0.0552479i 1.17001 +0.0552479i  5.18401 +0.153586i"
ellipse,200.00,1,theoretical,rand1,"3.50054 +0.0557788i 1.17319 +0.0417499i 1.17319 +0.0417499i  5.19243 +0.115988i"
ellipse,100.00,1,reconstructed,rand1,"3.46713 +0.109324i 1.22613 +0.0834074i 1.15051 +0.0814569i  5.14924 +0.225235i"
ellipse,150.00,1,reconstructed,rand1,"3.53921 +0.073831i 1.12544 +0.0538619i    1.17339 +0.0561i  5.28221 +0.156734i"
ellipse,200.00,1,reconstructed,rand1,"3.5021 +0.0566511i 1.27467 +0.0435177i 1.16223 +0.0418376i   5.2319 +0.115871i"
ellipse,100.00,1,theoretical,rand2,"3.46547 +0.150245i -0.830435 -0.0580191i -0.830435 -0.0580191i   2.43586 +0.0783107i"
ellipse,150.00,1,theoretical,rand2,"3.48102 +0.102127i -0.836741 -0.0395109i -0.836741 -0.0395109i   2.44359 +0.0531401i"
ellipse,200.00,1,theoretical,rand2,"3.48661 +0.0771249i -0.839012 -0.0298577i -0.839012 -0.0298577i    2.44636 +0.040106i"
ellipse,100.00,1,reconstructed,rand2,"3.48048 +0.150921i -0.884668 -0.0582774i -0.858884 -0.0602583i   2.45495 +0.0790042i"
ellipse,150.00,1,reconstructed,rand2,"3.50397 +0.101971i -0.845511 -0.039419i -0.769458 -0.037825i  2.46671 +0.0528674i"
ellipse,200.00,1,reconstructed,rand2,"3.59654 +0.0790376i -0.908013 -0.0313617i -0.875516 -0.0305185i   2.46294 +0.0405751i"
ellipse,100.00,1,theoretical,rand1,"1.49108 +0.0683109i -0.174389 -0.0121839i -0.174389 -0.0121839i  0.812644 +0.0209114i"
ellipse,150.00,1,theoretical,rand1,"1.4982 +0.0464457i -0.175714 -0.0082972i -0.175714 -0.0082972i  0.814612 +0.0141667i"
ellipse,200.00,1,theoretical,rand1,"1.50076 +0.0350783i -0.176191 -0.00627004i -0.176191 -0.00627004i   0.815316 +0.0106856i"
ellipse,100.00,1,reconstructed,rand1,"1.53252 +0.0704747i -0.182834 -0.0125964i -0.154998 -0.0112783i  0.797299 +0.0205854i"
ellipse,150.00,1,reconstructed,rand1,"1.46902 +0.0454771i -0.157329 -0.00798639i -0.177867 -0.00832855i   0.813888 +0.0140837i"
ellipse,200.00,1,reconstructed,rand1,"1.55185 +0.0362717i   -0.15095 -0.0061768i -0.173759 -0.00620692i   0.829409 +0.0108918i"
ellipse,100.00,1,theoretical,rand2,"3.76798 +0.089139i -0.318906 -0.0222807i -0.318906 -0.0222807i    7.41603 +0.344013i"
ellipse,150.00,1,theoretical,rand2,"3.77619 +0.0603446i -0.321328 -0.0151731i -0.321328 -0.0151731i    7.45194 +0.233914i"
ellipse,200.00,1,theoretical,rand2,"3.77912 +0.0455047i  -0.3222 -0.011466i  -0.3222 -0.011466i  7.46485 +0.176668i"
ellipse,100.00,1,reconstructed,rand2,"3.80664 +0.0904904i -0.260261 -0.0211101i -0.363011 -0.0216417i    7.42084 +0.342855i"
ellipse,150.00,1,reconstructed,rand2,"3.78435 +0.061157i -0.415755 -0.0162816i -0.207064 -0.0150075i    7.65519 +0.239017i"
ellipse,200.00,1,reconstructed,rand2,"3.74909 +0.0456709i -0.196276 -0.00856621i  -0.368831 -0.0124761i     7.50871 +0.177408i"
ellipse,100.00,1,theoretical,rand1,"1.34408 +0.0596361i 0.271194 +0.0189472i 0.271194 +0.0189472i 0.857144 +0.0256162i"
ellipse,150.00,1,theoretical,rand1,"1.35027 +0.0405415i 0.273254 +0.012903i 0.273254 +0.012903i 0.859637 +0.017374i"
ellipse,200.00,1,theoretical,rand1,"1.35249 +0.0306174i 0.273995 +0.00975059i 0.273995 +0.00975059i   0.86053 +0.0131102i"
ellipse,100.00,1,reconstructed,rand1,"1.35407 +0.0598281i 0.275244 +0.0190194i 0.262542 +0.0185845i 0.865856 +0.0258915i"
ellipse,150.00,1,reconstructed,rand1,"1.32189 +0.0396853i 0.280584 +0.0128186i 0.283554 +0.0132624i 0.870662 +0.0175494i"
ellipse,200.00,1,reconstructed,rand1,"1.36348 +0.0309382i  0.287479 +0.0100319i 0.270503 +0.00976385i  0.873116 +0.0132069i"
ellipse,100.00,1,theoretical,rand2,"2.76703 +0.0861962i -0.918883 -0.0641986i -0.918883 -0.0641986i    4.11401 +0.180304i"
ellipse,150.00,1,theoretical,rand2,"2.77549 +0.0584787i -0.925861 -0.0437191i -0.925861 -0.0437191i    4.13269 +0.122566i"
ellipse,200.00,1,theoretical,rand2,"2.77852 +0.0441318i -0.928374 -0.0330378i -0.928374 -0.0330378i   4.13941 +0.0925613i"
ellipse,100.00,1,reconstructed,rand2,"2.79143 +0.0868995i -0.914936 -0.0635622i -0.876859 -0.0629063i    4.10931 +0.179789i"
ellipse,150.00,1,reconstructed,rand2,"2.84132 +0.060209i -0.973916 -0.0453313i -0.926742 -0.0445395i     4.2095 +0.124778i"
ellipse,200.00,1,reconstructed,rand2,"2.78362 +0.0444677i -0.877513 -0.0318647i -0.934686 -0.0330139i    4.1703 +0.0927295i"
ellipse,100.00,1,theoretical,rand1,"5.47483 +0.244812i -1.01799 -0.0711231i -1.01799 -0.0711231i  3.36961 +0.0977296i"
ellipse,150.00,1,theoretical,rand1,"5.50027 +0.166433i -1.02572 -0.0484347i -1.02572 -0.0484347i  3.37907 +0.0662699i"
ellipse,200.00,1,theoretical,rand1,"5.50941 +0.125694i -1.02851 -0.0366012i -1.02851 -0.0366012i  3.38245 +0.0500025i"
ellipse,100.00,1,reconstructed,rand1,"5.58861 +0.248027i  -1.01379 -0.0710813i -0.978281 -0.0693138i   3.38132 +0.0985675i"
ellipse,150.00,1,reconstructed,rand1,"5.40364 +0.163579i -1.00276 -0.0475446i -1.14113 -0.0511172i  3.40025 +0.0675396i"
ellipse,200.00,1,reconstructed,rand1,"5.63879 +0.128497i   -1.0289 -0.0375447i -0.925358 -0.0344465i   3.35373 +0.0498356i"
ellipse,100.00,1,theoretical,rand2,"8.1555 +0.337905i -2.36226 -0.165042i -2.36226 -0.165042i  6.73942 +0.238969i"
ellipse,150.00,1,theoretical,rand2,"8.19026 +0.229635i -2.3802 -0.112393i -2.3802 -0.112393i  6.76342 +0.16226i"
ellipse,200.00,1,theoretical,rand2,"8.20274 +0.173402i -2.38666 -0.0849335i -2.38666 -0.0849335i   6.77203 +0.122488i"
ellipse,100.00,1,reconstructed,rand2,"8.29099 +0.343364i -2.54758 -0.168854i -2.34385 -0.163073i  6.71986 +0.237453i"
ellipse,150.00,1,reconstructed,rand2,"8.19847 +0.230868i -2.38067 -0.111954i -2.15102 -0.105151i    6.5738 +0.15566i"
ellipse,200.00,1,reconstructed,rand2,"8.37057 +0.177553i -2.40148 -0.086469i -2.31037 -0.084729i  6.80462 +0.122203i"
circle,100.00,1,theoretical,rand1,"1.67832 +0.0521158i 1.78973e-15 +1.83979e-14i  1.79633e-15 +7.0711e-15i       1.67832 +0.0521158i"
circle,150.00,1,theoretical,rand1,"1.68333 +0.0353275i -3.84813e-15 -3.36552e-14i  1.58093e-15 +1.34595e-14i        1.68333 +0.0353275i"
circle,200.00,1,theoretical,rand1,"1.68512 +0.0266524i 6.13192e-16 -8.37415e-15i 9.85944e-16 +1.90096e-14i       1.68512 +0.0266524i"
circle,100.00,1,reconstructed,rand1,"1.66574 +0.0519234i -0.0267319 -0.000578915i -0.0139337 -0.000707527i       1.6969 +0.0528094i"
circle,150.00,1,reconstructed,rand1,"1.72624 +0.0360834i -0.0364896 -0.000869259i  0.0417784 +0.000905038i      1.72032 +0.0359991i"
circle,200.00,1,reconstructed,rand1,"1.69263 +0.0268466i -0.0423332 -0.000394359i  0.0211762 +0.000281446i      1.67406 +0.0264801i"
circle,100.00,1,theoretical,rand2,"11.716 +0.363807i -4.68595e-16 -1.88671e-14i  -1.0609e-15 +4.39763e-15i          11.716 +0.363807i"
circle,150.00,1,theoretical,rand2,"11.7509 +0.246612i 4.10703e-15 +1.61283e-14i 1.98952e-15 -6.39566e-15i        11.7509 +0.246612i"
circle,200.00,1,theoretical,rand2,"11.7634 +0.186053i 2.10063e-15 +2.39396e-14i  1.77554e-15 +3.0338e-15i        11.7634 +0.186053i"
circle,100.00,1,reconstructed,rand2,"11.6587 +0.361782i -0.0205023 -0.00219913i  0.0924455 +0.00512046i      11.9241 +0.367171i"
circle,150.00,1,reconstructed,rand2,"11.8369 +0.248853i 0.0116939 +0.00107773i    0.141423 +0.002204i     11.5332 +0.245057i"
circle,200.00,1,reconstructed,rand2,"11.9456 +0.189687i 0.0795008 +0.000621686i -0.088667 -0.000898098i      11.9789 +0.190076i"
circle,100.00,1,theoretical,rand1,"4.85433 +0.150738i -5.63937e-16 +2.64648e-15i -1.03734e-14 -5.70036e-14i         4.85433 +0.150738i"
circle,150.00,1,theoretical,rand1,"4.86879 +0.10218i  6.03928e-16 +1.28555e-15i -1.10297e-15 +5.46679e-15i          4.86879 +0.10218i"
circle,200.00,1,theoretical,rand1,"4.87397 +0.0770883i -1.77713e-15 -1.13358e-14i    9.94999e-16 +4.358e-14i        4.87397 +0.0770883i"
circle,100.00,1,reconstructed,rand1,"4.75972 +0.147624i    0.147008 +0.00483547i 0.00131656 +0.000452725i       4.83106 +0.149761i"
circle,150.00,1,reconstructed,rand1,"4.84339 +0.102i 0.0253006 +0.000184288i 0.0412413 +0.000794296i      4.85657 +0.101757i"
circle,200.00,1,reconstructed,rand1,"4.93349 +0.0774488i    0.104976 +0.00136107i -0.0774403 -0.000662841i      4.88796 +0.0775357i"
circle,100.00,1,theoretical,rand2,"4.53384 +0.140786i -4.78609e-15 -2.45626e-14i  1.01609e-15 -9.01238e-16i         4.53384 +0.140786i"
circle,150.00,1,theoretical,rand2,"4.54735 +0.095434i 8.28814e-17 -2.64696e-15i 6.17644e-16 -2.71616e-14i        4.54735 +0.095434i"
circle,200.00,1,theoretical,rand2,"4.55218 +0.0719988i -7.30172e-16 -1.19402e-14i  8.32368e-16 -3.25263e-15i        4.55218 +0.0719988i"
circle,100.00,1,reconstructed,rand2,"4.5728 +0.141586i 0.0195736 +0.000360818i  0.0705429 +0.00160881i      4.56138 +0.141057i"
circle,150.00,1,reconstructed,rand2,"4.5244 +0.094576i   0.0252868 +0.000905153i -0.00158345 +3.45882e-05i       4.61506 +0.0963077i"
circle,200.00,1,reconstructed,rand2,"4.54899 +0.0718392i -0.00188865 -0.000178589i    -0.091537 -0.00138052i       4.57146 +0.0722964i"
circle,100.00,1,theoretical,rand1,"9.5663 +0.297055i -1.18227e-15 -4.31551e-15i  -2.99526e-15 -1.7502e-14i          9.5663 +0.297055i"
circle,150.00,1,theoretical,rand1,"9.5948 +0.201364i  -2.11723e-15 -1.5741e-14i -3.29373e-15 -1.06366e-14i          9.5948 +0.201364i"
circle,200.00,1,theoretical,rand1,"9.605 +0.151916i -1.90657e-15 -1.25035e-14i -2.90168e-15 -2.58602e-14i           9.605 +0.151916i"
circle,100.00,1,reconstructed,rand1,"9.44251 +0.294847i -0.067568 -0.0028978i 0.105067 +0.00352098i    9.93136 +0.305102i"
circle,150.00,1,reconstructed,rand1,"9.72292 +0.20415i   0.219174 +0.00374209i 0.0642232 +0.000711387i      9.77835 +0.205381i"
circle,200.00,1,reconstructed,rand1,"9.76163 +0.155538i   0.168587 +0.00249616i -0.0680339 -0.00121876i      9.68722 +0.153756i"
circle,100.00,1,theoretical,rand2,"11.3377 +0.352061i  8.89476e-15 +4.38901e-14i -1.32894e-16 +3.00092e-15i         11.3377 +0.352061i"
circle,150.00,1,theoretical,rand2,"11.3715 +0.23865i -9.59618e-15 -1.31443e-13i -9.61462e-17 -9.41696e-15i          11.3715 +0.23865i"
circle,200.00,1,theoretical,rand2,"11.3836 +0.180046i -4.92946e-15 -3.7141e-14i 1.54067e-15 +2.15253e-14i        11.3836 +0.180046i"
circle,100.00,1,reconstructed,rand2,"11.4654 +0.357788i -0.0152756 -0.00102699i   0.100024 +0.00288222i      11.4732 +0.354548i"
circle,150.00,1,reconstructed,rand2,"11.6858 +0.243198i   -0.189657 -0.00293362i -0.0572185 +0.000127776i       11.6364 +0.242367i"
circle,200.00,1,reconstructed,rand2,"11.3952 +0.178618i  0.112767 +0.00170316i 0.0536017 +0.00162998i     11.3144 +0.178885i"
circle,100.00,1,theoretical,rand1,"3.3335 +0.103513i -2.14146e-15 -1.13275e-14i -3.83305e-16 -7.82556e-15i          3.3335 +0.103513i"
circle,150.00,1,theoretical,rand1,"3.34343 +0.0701678i -1.17963e-15 -7.70731e-15i   1.4165e-16 +1.38536e-15i        3.34343 +0.0701678i"
circle,200.00,1,theoretical,rand1,"3.34699 +0.0529371i -1.20714e-15 -1.35034e-14i  5.42172e-16 -1.63273e-15i        3.34699 +0.0529371i"
circle,100.00,1,reconstructed,rand1,"3.24028 +0.101339i -0.0455781 -0.00242204i -0.0423015 -0.00216925i      3.27095 +0.101659i"
circle,150.00,1,reconstructed,rand1,"3.31554 +0.0691874i -0.000880365 -0.000273849i    -0.004709 -2.88265e-05i        3.36931 +0.0705824i"
circle,200.00,1,reconstructed,rand1,"3.32164 +0.0527321i  0.0219763 +0.000204492i -0.0196265 -0.000455387i      3.33237 +0.0527944i"
circle,100.00,1,theoretical,rand2,"11.0081 +0.341828i -1.45014e-14 -8.24154e-14i   3.31548e-15 +2.8354e-14i         11.0081 +0.341828i"
circle,150.00,1,theoretical,rand2,"11.0409 +0.231714i  8.48481e-15 +9.91008e-14i -9.42271e-16 -1.57595e-14i         11.0409 +0.231714i"
circle,200.00,1,theoretical,rand2,"11.0527 +0.174813i 3.06927e-15 +4.95306e-14i 2.93624e-15 +1.06628e-14i        11.0527 +0.174813i"
circle,100.00,1,reconstructed,rand2,"11.166 +0.344404i 0.0339852 +0.00262555i  0.125575 +0.00464443i     11.2416 +0.348612i"
circle,150.00,1,reconstructed,rand2,"11.4096 +0.238354i -0.264096 -0.00704236i  0.146162 +0.00274453i      11.306 +0.235553i"
circle,200.00,1,reconstructed,rand2,"11.1225 +0.175893i     0.179724 +0.0019864i -0.0525664 -0.000859023i       11.2461 +0.177114i"
circle,100.00,1,theoretical,rand1,"5.02513 +0.156042i 1.89867e-15 +2.39417e-15i 9.63676e-16 +4.23493e-15i        5.02513 +0.156042i"
circle,150.00,1,theoretical,rand1,"5.0401 +0.105775i -2.06608e-15 -1.4588e-14i   1.77308e-15 +1.221e-14i         5.0401 +0.105775i"
circle,200.00,1,theoretical,rand1,"5.04546 +0.0798008i   2.1418e-16 +1.63126e-15i -7.75046e-16 -7.01081e-15i        5.04546 +0.0798008i"
circle,100.00,1,reconstructed,rand1,"5.02052 +0.155646i -0.0542959 -0.00188166i -0.0416226 -0.00119845i      5.05885 +0.157031i"
circle,150.00,1,reconstructed,rand1,"5.06851 +0.106589i -0.0518299 -0.000882823i  -0.0438849 -0.00106813i       5.09551 +0.107251i"
circle,200.00,1,reconstructed,rand1,"4.98322 +0.0790619i -0.0129237 +0.000352558i  -0.0533573 -0.00126671i      5.06055 +0.0797652i"
circle,100.00,1,theoretical,rand2,"12.5387 +0.389355i -2.42388e-15 -2.46813e-14i  4.16974e-15 +2.04064e-14i         12.5387 +0.389355i"
circle,150.00,1,theoretical,rand2,"12.576 +0.26393i 2.47201e-16 -1.10948e-14i -6.9419e-16 +1.03474e-14i          12.576 +0.26393i"
circle,200.00,1,theoretical,rand2,"12.5894 +0.199118i -9.69818e-16 +5.75953e-14i -2.24967e-15 -8.33502e-15i         12.5894 +0.199118i"
circle,100.00,1,reconstructed,rand2,"12.8361 +0.398768i -0.00384637 +0.00173123i  -0.089632 -0.000719886i        12.8354 +0.39789i"
circle,150.00,1,reconstructed,rand2,"12.974 +0.270079i 0.0946213 +0.00125288i -0.124466 -0.00430671i     12.6641 +0.265301i"
circle,200.00,1,reconstructed,rand2,"12.7662 +0.201327i -0.294466 -0.00618782i  0.271048 +0.00238776i      12.6799 +0.20058i"
circle,100.00,1,theoretical,rand1,"6.50855 +0.202105i  3.11848e-16 +1.74335e-16i -1.96894e-14 -1.02775e-13i         6.50855 +0.202105i"
circle,150.00,1,theoretical,rand1,"6.52794 +0.137i 3.13819e-15 +3.13825e-14i -5.26632e-15 -5.3329e-14i           6.52794 +0.137i"
circle,200.00,1,theoretical,rand1,"6.53489 +0.103358i -2.02906e-16 -1.36289e-14i -4.58035e-15 -3.45587e-14i         6.53489 +0.103358i"
circle,100.00,1,reconstructed,rand1,"6.5179 +0.203121i -0.0800638 -0.0021884i  0.116854 +0.00168505i     6.53966 +0.203632i"
circle,150.00,1,reconstructed,rand1,"6.54499 +0.137924i  -0.0271301 -0.00133791i 0.00129624 +0.000876488i       6.51959 +0.137016i"
circle,200.00,1,reconstructed,rand1,"6.4264 +0.101593i -0.0495477 -0.000267101i  0.0199341 +0.000764318i       6.62676 +0.104323i"
circle,100.00,1,theoretical,rand2,"4.92195 +0.152838i   1.8787e-16 -4.45348e-15i -4.80802e-15 -1.14325e-14i         4.92195 +0.152838i"
circle,150.00,1,theoretical,rand2,"4.93662 +0.103604i 1.01162e-15 +3.18413e-15i  1.80786e-15 +2.2636e-14i        4.93662 +0.103604i"
circle,200.00,1,theoretical,rand2,"4.94187 +0.0781623i -6.57773e-16 -9.66916e-16i  -3.4072e-15 -1.19512e-14i        4.94187 +0.0781623i"
circle,100.00,1,reconstructed,rand2,"4.91321 +0.15244i 0.0486197 +0.00191977i  0.101675 +0.00181437i     4.93008 +0.152824i"
circle,150.00,1,reconstructed,rand2,"4.98863 +0.104505i  0.0851172 +0.00180389i 0.0124285 -0.000211379i      5.05549 +0.105922i"
circle,200.00,1,reconstructed,rand2,"4.90894 +0.0776832i -0.00136159 -4.49824e-05i   0.0417135 +0.000573059i        5.0617 +0.0795114i"
circle,100.00,1,theoretical,rand1,"8.29665 +0.25763i 1.74992e-15 +3.70907e-16i  1.3503e-15 +1.26801e-14i         8.29665 +0.25763i"
circle,150.00,1,theoretical,rand1,"8.32137 +0.174639i 3.25517e-15 +4.16117e-14i 2.18755e-15 +1.22696e-14i        8.32137 +0.174639i"
circle,200.00,1,theoretical,rand1,"8.33022 +0.131754i -2.69012e-16 -3.90078e-14i -3.03711e-15 +3.53841e-15i         8.33022 +0.131754i"
circle,100.00,1,reconstructed,rand1,"8.41231 +0.260319i   0.140338 +0.00165227i -0.032262 +6.19917e-05i      8.22058 +0.254415i"
circle,150.00,1,reconstructed,rand1,"8.35082 +0.173576i    0.096677 +0.00234844i -0.0355331 -0.000893648i       8.45598 +0.176925i"
circle,200.00,1,reconstructed,rand1,"8.36678 +0.132641i 0.0447247 -0.000256306i -0.0667742 -0.00203918i      8.41177 +0.133063i"
circle,100.00,1,theoretical,rand2,"4.38203 +0.136072i  4.56467e-15 +3.1345e-14i 7.09633e-15 +7.16018e-14i        4.38203 +0.136072i"
circle,150.00,1,theoretical,rand2,"4.39509 +0.0922387i  2.14715e-16 -1.00025e-14i -1.33816e-15 -2.32181e-14i        4.39509 +0.0922387i"
circle,200.00,1,theoretical,rand2,"4.39976 +0.0695881i 2.71572e-15 +2.37695e-14i 4.41012e-15 +2.87684e-14i       4.39976 +0.0695881i"
circle,100.00,1,reconstructed,rand2,"4.40448 +0.135964i -0.065775 -0.00104929i 0.0621092 +0.00181772i     4.42225 +0.137729i"
circle,150.00,1,reconstructed,rand2,"4.40291 +0.0922133i  -0.0140844 +0.00015295i -0.0436798 -0.000340271i      4.30589 +0.0901525i"
circle,200.00,1,reconstructed,rand2,"4.43153 +0.0699471i 0.0339256 +1.7433e-05i  0.201012 +0.00258966i     4.4601 +0.0704736i"
circle,100.00,1,theoretical,rand1,"5.13469 +0.159444i -2.8986e-16 -2.55662e-15i 6.21918e-15 +5.69242e-14i        5.13469 +0.159444i"
circle,150.00,1,theoretical,rand1,"5.14999 +0.108082i -3.05351e-16 -2.88204e-15i  8.43457e-15 +7.60083e-14i         5.14999 +0.108082i"
circle,200.00,1,theoretical,rand1,"5.15546 +0.0815406i -4.96994e-16 -2.90459e-15i  3.03636e-16 +1.52234e-14i        5.15546 +0.0815406i"
circle,100.00,1,reconstructed,rand1,"5.14009 +0.160524i  0.0683148 +0.0021804i 0.0591178 +0.00188937i     5.07205 +0.157563i"
circle,150.00,1,reconstructed,rand1,"5.1493 +0.107892i  0.0296853 +0.00105981i -0.035245 -0.000363233i      5.24342 +0.109714i"
circle,200.00,1,reconstructed,rand1,"5.18744 +0.0816272i 0.0515245 +0.000434806i   0.108177 +0.00174049i     5.12908 +0.0811377i"
circle,100.00,1,theoretical,rand2,"12.7302 +0.395301i   5.411e-15 +1.58463e-14i 9.42787e-15 +5.18726e-14i        12.7302 +0.395301i"
circle,150.00,1,theoretical,rand2,"12.7681 +0.267961i -2.93674e-15 -2.08235e-14i -1.02729e-14 -8.94802e-14i         12.7681 +0.267961i"
circle,200.00,1,theoretical,rand2,"12.7817 +0.202159i  6.61852e-16 -2.67002e-14i -1.91374e-14 -1.51101e-13i         12.7817 +0.202159i"
circle,100.00,1,reconstructed,rand2,"12.9619 +0.40114i 0.00262001 -0.00190872i 0.0756113 +0.000490045i      13.0406 +0.404447i"
circle,150.00,1,reconstructed,rand2,"13.2132 +0.277907i -0.0454693 +4.84234e-05i   0.0172885 -0.00130657i       12.6796 +0.265256i"
circle,200.00,1,reconstructed,rand2,"13.0141 +0.205948i  -0.0603773 -0.00123751i -0.00999987 -0.00132913i       12.8437 +0.202295i"
circle,100.00,1,theoretical,rand1,"13.5811 +0.421723i 2.64246e-14 +1.15054e-13i 1.93885e-16 +5.45229e-15i        13.5811 +0.421723i"
circle,150.00,1,theoretical,rand1,"13.6215 +0.285872i -2.48776e-15 +1.52119e-14i  2.16733e-15 +9.11072e-15i         13.6215 +0.285872i"
circle,200.00,1,theoretical,rand1,"13.636 +0.215672i  4.21973e-15 +5.78421e-14i -1.35777e-15 +7.26035e-15i          13.636 +0.215672i"
circle,100.00,1,reconstructed,rand1,"13.5643 +0.425033i    -0.1005 -0.00477585i 0.0655347 -0.000632583i      13.6721 +0.424797i"
circle,150.00,1,reconstructed,rand1,"13.462 +0.28215i    -0.307 -0.00546746i 0.0624179 -0.00105376i     14.1032 +0.295447i"
circle,200.00,1,reconstructed,rand1,"13.5616 +0.212147i -0.152378 -0.00114361i -0.273458 -0.00433732i     13.7933 +0.217809i"
circle,100.00,1,theoretical,rand2,"1.68029 +0.0521769i -1.28435e-15 -1.13785e-14i -8.18598e-16 -2.61212e-15i        1.68029 +0.0521769i"
circle,150.00,1,theoretical,rand2,"1.6853 +0.0353689i -1.20199e-15 -1.30669e-14i  7.03126e-16 +1.48921e-14i         1.6853 +0.0353689i"
circle,200.00,1,theoretical,rand2,"1.68709 +0.0266836i   -5.87606e-16 +3.372e-15i -8.73758e-16 -5.82331e-15i        1.68709 +0.0266836i"
circle,100.00,1,reconstructed,rand2,"1.69634 +0.0524119i   -0.0268032 -0.000828265i -0.000770295 -4.86854e-05i         1.66137 +0.051764i"
circle,150.00,1,reconstructed,rand2,"1.67609 +0.0353113i -0.00962764 -0.000124371i  0.00269498 +0.000277731i       1.69305 +0.0353911i"
circle,200.00,1,reconstructed,rand2,"1.69944 +0.0268355i -0.00488603 +8.99111e-05i  0.00899441 +1.84744e-05i        1.65864 +0.026296i"
circle,100.00,1,theoretical,rand1,"10.1595 +0.315475i 3.52693e-15 +3.46361e-14i 1.35108e-15 +1.72164e-14i        10.1595 +0.315475i"
circle,150.00,1,theoretical,rand1,"10.1897 +0.21385i 1.36987e-15 +6.39937e-15i -3.87819e-17 -2.1075e-14i         10.1897 +0.21385i"
circle,200.00,1,theoretical,rand1,"10.2006 +0.161336i 4.11916e-15 +7.12582e-14i 8.32592e-16 +3.16001e-14i        10.2006 +0.161336i"
circle,100.00,1,reconstructed,rand1,"10.2693 +0.320606i -0.0204566 -0.000133457i  -0.0945946 -0.00322483i        10.1947 +0.31641i"
circle,150.00,1,reconstructed,rand1,"10.1693 +0.213772i -0.0858108 -0.00173642i -0.0570947 -0.00132935i      10.8068 +0.224342i"
circle,200.00,1,reconstructed,rand1,"10.3331 +0.161753i     0.25947 +0.0039156i -0.0990243 -0.00083597i      10.2181 +0.161837i"
circle,100.00,1,theoretical,rand2,"13.437 +0.41725i 2.76583e-15 -8.32779e-16i  1.3083e-14 +1.45988e-13i          13.437 +0.41725i"
circle,150.00,1,theoretical,rand2,"13.4771 +0.28284i -1.98498e-15 -3.5031e-14i 8.42266e-15 -7.42234e-15i         13.4771 +0.28284i"
circle,200.00,1,theoretical,rand2,"13.4914 +0.213384i 3.61965e-15 +4.85577e-14i 3.23641e-15 +8.89292e-14i        13.4914 +0.213384i"
circle,100.00,1,reconstructed,rand2,"13.7115 +0.424122i    0.129022 +0.00655707i -0.00673851 -0.00209635i       13.6024 +0.421986i"
circle,150.00,1,reconstructed,rand2,"13.644 +0.284207i 0.514398 +0.00754206i 0.138813 +0.00567916i    13.7809 +0.287323i"
circle,200.00,1,reconstructed,rand2,"13.5875 +0.215427i -0.140798 -0.00268722i  0.274739 +0.00290559i     13.6344 +0.216066i"
rectangle,100.00,1,theoretical,rand1,"0.416261 +0.0173817i 0.132093 +0.0102329i 0.132095 +0.0102462i 0.465162 +0.0212494i"
rectangle,150.00,1,theoretical,rand1,"0.418086 +0.0118115i 0.133251 +0.00696901i 0.133253 +0.00698892i  0.467426 +0.0144607i"
rectangle,200.00,1,theoretical,rand1,"0.418742 +0.00891048i  0.133669 +0.0052573i 0.133671 +0.00528381i  0.468241 +0.0109243i"
rectangle,100.00,1,reconstructed,rand1,"0.415592 +0.0172523i  0.12952 +0.0101409i 0.139325 +0.0103847i 0.470992 +0.0216372i"
rectangle,150.00,1,reconstructed,rand1,"0.427967 +0.0122349i 0.142982 +0.00729585i 0.128735 +0.00684324i  0.464461 +0.0142599i"
rectangle,200.00,1,reconstructed,rand1,"0.432337 +0.00913667i 0.138181 +0.00538179i  0.14332 +0.00551556i  0.482023 +0.0112584i"
rectangle,100.00,1,theoretical,rand2,"0.939584 +0.0453178i 0.215335 +0.0167255i 0.215339 +0.0167482i 0.691287 +0.0261697i"
rectangle,150.00,1,theoretical,rand2,"0.944448 +0.0308326i 0.217228 +0.0113968i 0.217232 +0.0114307i 0.693988 +0.0177927i"
rectangle,200.00,1,theoretical,rand2,"0.946199 +0.0232782i 0.217912 +0.00860362i 0.217915 +0.00864877i  0.694959 +0.0134409i"
rectangle,100.00,1,reconstructed,rand2,"0.93437 +0.0448646i 0.214976 +0.0166517i 0.235808 +0.0178751i 0.717393 +0.0273491i"
rectangle,150.00,1,reconstructed,rand2,"0.937882 +0.0309403i 0.229939 +0.0117538i 0.219823 +0.0114001i 0.691466 +0.0177253i"
rectangle,200.00,1,reconstructed,rand2,"0.932021 +0.022936i  0.23268 +0.00868198i 0.220976 +0.00864208i  0.701497 +0.0135806i"
rectangle,100.00,1,theoretical,rand1,"0.378493 +0.0153474i -0.121135 -0.00941165i  -0.121133 -0.0094017i   0.454079 +0.0211517i"
rectangle,150.00,1,theoretical,rand1,"0.380097 +0.0104385i -0.122199 -0.00642143i -0.122197 -0.00640657i   0.456337 +0.0143914i"
rectangle,200.00,1,theoretical,rand1,"0.380674 +0.00788564i -0.122583 -0.00485649i  -0.122581 -0.0048367i    0.45715 +0.0108681i"
rectangle,100.00,1,reconstructed,rand1,"0.377692 +0.0152266i  -0.117152 -0.0092764i -0.122632 -0.00974827i   0.459151 +0.0213093i"
rectangle,150.00,1,reconstructed,rand1,"0.380211 +0.0105852i -0.127791 -0.00653422i -0.111061 -0.00612841i   0.450929 +0.0141118i"
rectangle,200.00,1,reconstructed,rand1,"0.384134 +0.00793824i -0.120932 -0.00484307i -0.119048 -0.00476846i   0.452475 +0.0107834i"
rectangle,100.00,1,theoretical,rand2,"0.554681 +0.0281618i 0.0701061 +0.00545998i 0.0701078 +0.00547126i   0.325822 +0.0104411i"
rectangle,150.00,1,theoretical,rand2,"0.557724 +0.0191714i 0.0707251 +0.00371894i  0.0707269 +0.0037358i  0.326864 +0.00709178i"
rectangle,200.00,1,theoretical,rand2,"0.558821 +0.0144817i 0.0709486 +0.00280569i 0.0709504 +0.00282814i  0.327237 +0.00535694i"
rectangle,100.00,1,reconstructed,rand2,"0.56064 +0.028382i 0.0659348 +0.00542008i 0.0715079 +0.00543344i    0.323975 +0.010405i"
rectangle,150.00,1,reconstructed,rand2,"0.558154 +0.0192582i 0.0733439 +0.00382829i 0.0689292 +0.00365995i  0.324944 +0.00705272i"
rectangle,200.00,1,reconstructed,rand2,"0.555981 +0.0143741i 0.0744079 +0.00285005i 0.0652979 +0.00263931i  0.324895 +0.00530532i"
rectangle,100.00,1,theoretical,rand1,"0.772155 +0.0237387i -0.129452 -0.0101135i -0.129451 -0.0101295i   1.37241 +0.0702825i"
rectangle,150.00,1,theoretical,rand1,"0.774502 +0.0161023i -0.130599 -0.00689822i  -0.130597 -0.0069224i    1.38001 +0.0478638i"
rectangle,200.00,1,theoretical,rand1,"0.775343 +0.0121451i  -0.131012 -0.0052142i -0.131011 -0.00524661i    1.38275 +0.0361729i"
rectangle,100.00,1,reconstructed,rand1,"0.765127 +0.0234604i -0.120918 -0.00980268i  -0.136694 -0.0104082i    1.40183 +0.0717157i"
rectangle,150.00,1,reconstructed,rand1,"0.77252 +0.0161385i -0.114019 -0.00629844i -0.129517 -0.00690555i    1.36656 +0.0473626i"
rectangle,200.00,1,reconstructed,rand1,"0.782123 +0.0123387i -0.166155 -0.00627234i  -0.131814 -0.0051924i    1.37119 +0.0357282i"
rectangle,100.00,1,theoretical,rand2,"0.853771 +0.043273i -0.115762 -0.00895358i -0.115759 -0.00892676i   0.508907 +0.0164778i"
rectangle,150.00,1,theoretical,rand2,"0.858448 +0.0294589i -0.116771 -0.00611388i  -0.116768 -0.0060737i   0.510551 +0.0111991i"
rectangle,200.00,1,theoretical,rand2,"0.860133 +0.0222527i -0.117135 -0.00462969i -0.117132 -0.00457615i  0.511141 +0.00846676i"
rectangle,100.00,1,reconstructed,rand2,"0.862843 +0.0434208i -0.105244 -0.00871229i -0.114687 -0.00873292i   0.508173 +0.0165683i"
rectangle,150.00,1,reconstructed,rand2,"0.843331 +0.0288352i  -0.112536 -0.00610814i -0.0957239 -0.00527262i    0.506544 +0.0110299i"
rectangle,200.00,1,reconstructed,rand2,"0.858175 +0.0221662i -0.126066 -0.00481824i   -0.1043 -0.00416647i  0.502918 +0.00825123i"
rectangle,100.00,1,theoretical,rand1,"0.322191 +0.0139224i 0.0997357 +0.00773972i 0.0997364 +0.00774003i   0.333193 +0.0148171i"
rectangle,150.00,1,theoretical,rand1,"0.323659 +0.00947544i  0.10061 +0.00527981i  0.100611 +0.0052802i  0.334765 +0.0100825i"
rectangle,200.00,1,theoretical,rand1,"0.324188 +0.00716202i 0.100926 +0.00399225i 0.100927 +0.00399272i 0.335331 +0.00761703i"
rectangle,100.00,1,reconstructed,rand1,"0.324414 +0.0139575i  0.102271 +0.00780686i 0.0981356 +0.00765409i   0.335907 +0.0149371i"
rectangle,150.00,1,reconstructed,rand1,"0.331528 +0.00978115i 0.106929 +0.00556488i 0.105079 +0.00538234i   0.333723 +0.010119i"
rectangle,200.00,1,reconstructed,rand1,"0.324602 +0.00719948i 0.102851 +0.00396722i 0.103054 +0.00408249i 0.341681 +0.00771915i"
rectangle,100.00,1,theoretical,rand2,"0.358928 +0.01043i -0.00188383 -0.000183516i  -0.00188212 -0.00017467i       0.67366 +0.0348488i"
rectangle,150.00,1,theoretical,rand2,"0.359943 +0.0070805i -0.00190616 -0.000126863i -0.00190443 -0.000113684i      0.677435 +0.0237315i"
rectangle,200.00,1,theoretical,rand2,"0.360306 +0.00534938i -0.00191426 -9.73012e-05i -0.00191253 -7.97727e-05i      0.678795 +0.0179325i"
rectangle,100.00,1,reconstructed,rand2,"0.354945 +0.0102919i 0.0133279 +0.000654173i 0.0051409 +4.92734e-05i    0.682425 +0.0352964i"
rectangle,150.00,1,reconstructed,rand2,"0.368242 +0.00709866i -0.00410381 -0.000208687i -0.00538881 -0.000108563i      0.701658 +0.0245411i"
rectangle,200.00,1,reconstructed,rand2,"0.360447 +0.00536591i   -0.00402152 -9.4067e-05i -0.000288378 -0.000132992i        0.66597 +0.0176764i"
rectangle,100.00,1,theoretical,rand1,"1.34762 +0.0697369i -0.00561011 -0.000381178i -0.00560825 -0.000383728i      0.718059 +0.0208687i"
rectangle,150.00,1,theoretical,rand1,"1.35517 +0.0475081i   -0.00564769 -0.0002734i -0.00564579 -0.000277476i      0.720089 +0.0141697i"
rectangle,200.00,1,theoretical,rand1,"1.35789 +0.0359185i -0.00566117 -0.000221674i -0.00565926 -0.000227231i      0.720816 +0.0107084i"
rectangle,100.00,1,reconstructed,rand1,"1.3465 +0.0697602i -0.0150928 -0.000791892i -0.0122451 -0.000717964i     0.708161 +0.0203154i"
rectangle,150.00,1,reconstructed,rand1,"1.379 +0.0488146i -0.00680591 -6.83314e-05i  0.00522197 +6.94097e-05i       0.72967 +0.0142262i"
rectangle,200.00,1,reconstructed,rand1,"1.31797 +0.0349741i  -0.0030457 -0.000318217i -0.00815763 -0.000208005i      0.715831 +0.0106783i"
rectangle,100.00,1,theoretical,rand2,"3.06577 +0.151462i -0.600028 -0.0464484i  -0.60002 -0.0464168i    2.06353 +0.073385i"
rectangle,150.00,1,theoretical,rand2,"3.08208 +0.103113i -0.605272 -0.0316769i   -0.605264 -0.03163i   2.07101 +0.0498346i"
rectangle,200.00,1,theoretical,rand2,"3.08795 +0.0779036i -0.607165 -0.0239438i -0.607157 -0.0238816i    2.0737 +0.0376032i"
rectangle,100.00,1,reconstructed,rand2,"3.12043 +0.153765i -0.621375 -0.0478985i -0.579133 -0.0441224i   2.01312 +0.0718302i"
rectangle,150.00,1,reconstructed,rand2,"3.08889 +0.103313i -0.635982 -0.0324249i -0.590715 -0.0310623i   2.06693 +0.0502318i"
rectangle,200.00,1,reconstructed,rand2,"3.1049 +0.0783433i -0.583789 -0.0235563i -0.634597 -0.0246332i   2.07648 +0.0376852i"
rectangle,100.00,1,theoretical,rand1,"1.50143 +0.0753024i 0.241065 +0.0187767i 0.241068 +0.0187839i 0.936089 +0.0315496i"
rectangle,150.00,1,theoretical,rand1,"1.50955 +0.0512585i  0.24319 +0.0128116i 0.243193 +0.0128221i 0.939272 +0.0214265i"
rectangle,200.00,1,theoretical,rand1,"1.51248 +0.0387177i 0.243957 +0.00968934i  0.24396 +0.00970328i  0.940415 +0.0161753i"
rectangle,100.00,1,reconstructed,rand1,"1.46429 +0.0734978i 0.229118 +0.0178421i 0.225489 +0.0180451i 0.963686 +0.0320805i"
rectangle,150.00,1,reconstructed,rand1,"1.48229 +0.0506188i  0.231773 +0.012542i 0.242818 +0.0126839i 0.941211 +0.0216734i"
rectangle,200.00,1,reconstructed,rand1,"1.5318 +0.0391612i 0.245513 +0.00984599i  0.267232 +0.0103411i  0.950377 +0.0164917i"
rectangle,100.00,1,theoretical,rand2,"0.756839 +0.0228651i 0.108583 +0.00837035i 0.108584 +0.00836074i   1.36659 +0.0702462i"
rectangle,150.00,1,theoretical,rand2,"0.759086 +0.0155167i 0.109524 +0.00571915i 0.109525 +0.00570444i   1.37419 +0.0478444i"
rectangle,200.00,1,theoretical,rand2,"0.759892 +0.0117131i 0.109863 +0.00433488i 0.109865 +0.00431512i   1.37693 +0.0361626i"
rectangle,100.00,1,reconstructed,rand2,"0.762207 +0.0228517i 0.110994 +0.00836624i  0.11612 +0.00876484i   1.36885 +0.0699193i"
rectangle,150.00,1,reconstructed,rand2,"0.77103 +0.0156313i 0.0804842 +0.00483212i  0.116858 +0.00577819i    1.38376 +0.0484013i"
rectangle,200.00,1,reconstructed,rand2,"0.759667 +0.011618i     0.12577 +0.004768i 0.0961952 +0.00420964i      1.36435 +0.03588i"
rectangle,100.00,1,theoretical,rand1,"1.49059 +0.0730455i -0.312697 -0.0242204i -0.312694 -0.0242214i   1.03936 +0.0378831i"
rectangle,150.00,1,theoretical,rand1,"1.49845 +0.0497325i -0.315431 -0.0165232i  -0.315428 -0.016525i   1.04324 +0.0257458i"
rectangle,200.00,1,theoretical,rand1,"1.50128 +0.0375796i -0.316418 -0.0124951i -0.316415 -0.0124976i   1.04463 +0.0194442i"
rectangle,100.00,1,reconstructed,rand1,"1.53047 +0.0750753i -0.311007 -0.0242988i -0.300918 -0.0238836i   1.04141 +0.0377923i"
rectangle,150.00,1,reconstructed,rand1,"1.4754 +0.0490082i -0.311586 -0.0163877i  -0.316883 -0.016735i   1.04422 +0.0257485i"
rectangle,200.00,1,reconstructed,rand1,"1.50521 +0.0378847i -0.322097 -0.0126265i -0.337414 -0.0129943i    1.03357 +0.019392i"
rectangle,100.00,1,theoretical,rand2,"0.858092 +0.0251962i 0.0683138 +0.00521911i  0.068316 +0.00521119i    1.59248 +0.0822378i"
rectangle,150.00,1,theoretical,rand2,"0.860553 +0.0170837i 0.0688994 +0.00355971i 0.0689017 +0.00354749i    1.60138 +0.0560054i"
rectangle,200.00,1,theoretical,rand2,"0.861435 +0.0128835i 0.0691107 +0.00269188i  0.069113 +0.00267543i    1.60459 +0.0423233i"
rectangle,100.00,1,reconstructed,rand2,"0.856222 +0.0255277i 0.0899738 +0.00655193i 0.0754306 +0.00488202i    1.59604 +0.0824286i"
rectangle,150.00,1,reconstructed,rand2,"0.864063 +0.017032i 0.0479067 +0.00272961i 0.0718986 +0.00336776i    1.62062 +0.0569017i"
rectangle,200.00,1,reconstructed,rand2,"0.872911 +0.0130666i 0.0897176 +0.00325074i 0.0753166 +0.00299425i    1.61626 +0.0425746i"
rectangle,100.00,1,theoretical,rand1,"0.694588 +0.0285415i 0.221819 +0.0172223i 0.221819 +0.0172064i  0.80602 +0.0372735i"
rectangle,150.00,1,theoretical,rand1,"0.697571 +0.0194273i 0.223762 +0.0117638i 0.223762 +0.0117397i 0.809997 +0.0253706i"
rectangle,200.00,1,theoretical,rand1,"0.698644 +0.0146915i 0.224463 +0.00891125i 0.224464 +0.00887894i  0.811429 +0.0191702i"
rectangle,100.00,1,reconstructed,rand1,"0.696775 +0.028544i 0.231882 +0.0176665i  0.21111 +0.0170165i 0.810359 +0.0375408i"
rectangle,150.00,1,reconstructed,rand1,"0.68851 +0.0189713i 0.201457 +0.0111657i 0.212584 +0.0114445i 0.800449 +0.0250389i"
rectangle,200.00,1,reconstructed,rand1,"0.700629 +0.0148773i 0.227842 +0.00897951i 0.222245 +0.00898641i  0.826766 +0.0193461i"
rectangle,100.00,1,theoretical,rand2,"1.59441 +0.0712812i 0.470956 +0.0365457i  0.47096 +0.0365623i  1.50849 +0.0647959i"
rectangle,150.00,1,theoretical,rand2,"1.60196 +0.0485298i 0.475088 +0.0249164i  0.475092 +0.024941i  1.51532 +0.0440827i"
rectangle,200.00,1,theoretical,rand2,"1.60468 +0.0366909i  0.47658 +0.0188251i 0.476584 +0.0188577i  1.51779 +0.0333018i"
rectangle,100.00,1,reconstructed,rand2,"1.58993 +0.0708973i 0.465048 +0.0361162i 0.474336 +0.0366778i  1.50656 +0.0643803i"
rectangle,150.00,1,reconstructed,rand2,"1.5896 +0.0482883i  0.45342 +0.0241122i 0.476009 +0.0249896i  1.50901 +0.0440654i"
rectangle,200.00,1,reconstructed,rand2,"1.5913 +0.0360258i 0.464458 +0.018372i 0.48393 +0.0188442i 1.51674 +0.0331744i"
rectangle,100.00,1,theoretical,rand1,"0.567674 +0.0281641i  0.104381 +0.0081353i 0.104382 +0.00812851i  0.371693 +0.0130063i"
rectangle,150.00,1,theoretical,rand1,"0.570709 +0.0191669i   0.1053 +0.00555945i 0.105301 +0.00554913i  0.373016 +0.0088321i"
rectangle,200.00,1,theoretical,rand1,"0.571802 +0.0144737i  0.105632 +0.0042138i 0.105633 +0.00419995i 0.373491 +0.00666448i"
rectangle,100.00,1,reconstructed,rand1,"0.557281 +0.0277384i 0.102325 +0.00801544i 0.107267 +0.00848575i  0.380224 +0.0133296i"
rectangle,150.00,1,reconstructed,rand1,"0.565679 +0.0189793i   0.109375 +0.0055803i 0.0959989 +0.00524438i  0.372781 +0.00878782i"
rectangle,200.00,1,reconstructed,rand1,"0.566951 +0.0143748i  0.10968 +0.00419735i 0.101845 +0.00398521i 0.366237 +0.00648823i"
rectangle,100.00,1,theoretical,rand2,"0.431372 +0.0173102i  0.138039 +0.010691i 0.138041 +0.0107047i   0.524855 +0.02462i"
rectangle,150.00,1,theoretical,rand2,"0.433174 +0.0117765i 0.139248 +0.00728289i  0.13925 +0.00730337i  0.527488 +0.0167565i"
rectangle,200.00,1,theoretical,rand2,"0.433823 +0.00890076i 0.139684 +0.00549613i 0.139686 +0.00552341i  0.528436 +0.0126589i"
rectangle,100.00,1,reconstructed,rand2,"0.431662 +0.0171415i 0.132387 +0.0103391i    0.13711 +0.01054i 0.519682 +0.0243908i"
rectangle,150.00,1,reconstructed,rand2,"0.430137 +0.0116657i  0.13214 +0.00709093i 0.144614 +0.00750193i   0.53499 +0.0170249i"
rectangle,200.00,1,reconstructed,rand2,"0.433392 +0.00886719i  0.13797 +0.00545131i 0.146962 +0.00565804i   0.53677 +0.0128465i"
rectangle,100.00,1,theoretical,rand1,"0.739267 +0.0352089i 0.181027 +0.0140673i 0.181029 +0.0140718i 0.570793 +0.0222228i"
rectangle,150.00,1,theoretical,rand1,"0.743038 +0.0239608i 0.182618 +0.00959474i  0.18262 +0.00960127i  0.573099 +0.0151094i"
rectangle,200.00,1,theoretical,rand1,"0.744395 +0.0180977i 0.183192 +0.00725301i 0.183194 +0.00726164i  0.573928 +0.0114118i"
rectangle,100.00,1,reconstructed,rand1,"0.737048 +0.0352987i   0.1816 +0.0142429i  0.172557 +0.013596i 0.560282 +0.0217335i"
rectangle,150.00,1,reconstructed,rand1,"0.741369 +0.0238752i  0.17697 +0.00942109i 0.179272 +0.00955108i  0.570831 +0.0150945i"
rectangle,200.00,1,reconstructed,rand1,"0.734515 +0.0180155i 0.193982 +0.00760285i  0.17003 +0.00694851i     0.558 +0.0110873i"
rectangle,100.00,1,theoretical,rand2,"2.62087 +0.133967i 0.265885 +0.0207341i 0.265893 +0.0207841i  1.48717 +0.0461416i"
rectangle,150.00,1,theoretical,rand2,"2.63536 +0.0912057i   0.268238 +0.01412i 0.268246 +0.0141946i   1.49174 +0.031333i"
rectangle,200.00,1,theoretical,rand2,"2.64058 +0.0688991i 0.269087 +0.0106495i 0.269095 +0.0107488i  1.49338 +0.0236674i"
rectangle,100.00,1,reconstructed,rand2,"2.63627 +0.134608i 0.288098 +0.022506i 0.273912 +0.021195i    1.48 +0.0464443i"
rectangle,150.00,1,reconstructed,rand2,"2.66351 +0.092859i  0.260628 +0.013705i 0.280161 +0.0147774i  1.49736 +0.0313487i"
rectangle,200.00,1,reconstructed,rand2,"2.6497 +0.0689292i 0.255236 +0.0106263i 0.255729 +0.0101722i  1.52021 +0.0240472i"
triangle,100.00,1,theoretical,rand1,"2.1099 +0.183451i 0.269011 +0.0330309i 0.269021 +0.0330954i 0.895409 +0.0344248i"
triangle,150.00,1,theoretical,rand1,"2.13445 +0.126434i 0.273628 +0.0227935i 0.273639 +0.0228894i 0.899165 +0.0234257i"
triangle,200.00,1,theoretical,rand1,"2.14345 +0.0959767i 0.275325 +0.0172875i  0.275336 +0.017415i 0.900523 +0.0176682i"
triangle,100.00,1,reconstructed,rand1,"2.15603 +0.186713i  0.26323 +0.0324483i 0.291972 +0.0342556i 0.890947 +0.0348883i"
triangle,150.00,1,reconstructed,rand1,"2.12304 +0.125068i 0.284796 +0.0226569i  0.27206 +0.0228385i 0.890308 +0.0231729i"
triangle,200.00,1,reconstructed,rand1,"2.12247 +0.0955515i 0.289348 +0.0178755i  0.28731 +0.0177094i 0.906942 +0.0180551i"
triangle,100.00,1,theoretical,rand2,"0.305648 +0.0263899i 0.0494512 +0.00606921i 0.0494524 +0.00607353i  0.136894 +0.00568561i"
triangle,150.00,1,theoretical,rand2,"0.309176 +0.0181833i 0.0502996 +0.00418799i 0.0503008 +0.00419432i  0.137534 +0.00387286i"
triangle,200.00,1,theoretical,rand2,"0.31047 +0.0137991i 0.0506113 +0.00317619i 0.0506126 +0.00318456i   0.137765 +0.0029206i"
triangle,100.00,1,reconstructed,rand2,"0.307317 +0.0266572i 0.0509251 +0.00626692i  0.0511397 +0.0061788i   0.13849 +0.00576359i"
triangle,150.00,1,reconstructed,rand2,"0.304478 +0.0178981i 0.0512353 +0.00415127i 0.0529636 +0.00432408i   0.13911 +0.00395026i"
triangle,200.00,1,reconstructed,rand2,"0.315411 +0.0139572i 0.0517245 +0.00320242i 0.0552266 +0.00333011i  0.138806 +0.00300241i"
triangle,100.00,1,theoretical,rand1,"1.22464 +0.106767i -0.135821 -0.0165915i -0.135821 -0.0166377i  0.508425 +0.0189034i"
triangle,150.00,1,theoretical,rand1,"1.23894 +0.0735662i -0.138142 -0.0114299i -0.138142 -0.0114998i  0.510451 +0.0128963i"
triangle,200.00,1,theoretical,rand1,"1.24418 +0.0558245i -0.138995 -0.00864863i -0.138995 -0.00874218i  0.511182 +0.00976875i"
triangle,100.00,1,reconstructed,rand1,"1.2236 +0.106426i -0.134188 -0.0164798i  -0.129851 -0.016213i  0.511086 +0.0189842i"
triangle,150.00,1,reconstructed,rand1,"1.21612 +0.0720563i -0.122101 -0.0107227i -0.134425 -0.0111743i  0.517608 +0.0128419i"
triangle,200.00,1,reconstructed,rand1,"1.24834 +0.0556883i    -0.1444 -0.0086348i -0.145252 -0.00896475i   0.511823 +0.0100115i"
triangle,100.00,1,theoretical,rand2,"0.808417 +0.0701621i 0.109676 +0.0134618i 0.109678 +0.0134537i  0.34716 +0.0135822i"
triangle,150.00,1,theoretical,rand2,"0.817809 +0.0483347i 0.111558 +0.00928683i  0.11156 +0.00927419i  0.348654 +0.0092408i"
triangle,200.00,1,theoretical,rand2,"0.821251 +0.0366695i  0.11225 +0.00704064i 0.112252 +0.00702356i 0.349194 +0.00696518i"
triangle,100.00,1,reconstructed,rand2,"0.813334 +0.0705144i 0.115889 +0.0139974i 0.116286 +0.0139249i 0.349039 +0.0139733i"
triangle,150.00,1,reconstructed,rand2,"0.807851 +0.0479015i 0.111018 +0.00927063i 0.111023 +0.00942779i  0.34395 +0.00929074i"
triangle,200.00,1,reconstructed,rand2,"0.835147 +0.0373581i 0.114505 +0.00722778i 0.106633 +0.00694732i 0.350186 +0.00694116i"
triangle,100.00,1,theoretical,rand1,"0.246006 +0.0143921i -0.120944 -0.0148531i -0.120942 -0.0148442i  0.383603 +0.0312568i"
triangle,150.00,1,theoretical,rand1,"0.247795 +0.00987331i -0.123017 -0.0102674i -0.123015 -0.0102543i  0.387745 +0.0215285i"
triangle,200.00,1,theoretical,rand1,"0.248447 +0.00747923i -0.123779 -0.00780629i -0.123777 -0.00778883i   0.389262 +0.0163378i"
triangle,100.00,1,reconstructed,rand1,"0.247174 +0.0144747i -0.119461 -0.0146868i  -0.111066 -0.014236i  0.378045 +0.0305626i"
triangle,150.00,1,reconstructed,rand1,"0.250086 +0.00997628i  -0.125032 -0.0104923i -0.120622 -0.00990823i   0.378783 +0.0211342i"
triangle,200.00,1,reconstructed,rand1,"0.247783 +0.00751752i -0.126683 -0.00792567i  -0.13018 -0.00792942i   0.389946 +0.0164087i"
triangle,100.00,1,theoretical,rand2,"1.28254 +0.111103i 0.185861 +0.0228462i  0.18586 +0.0227824i  0.55862 +0.0223676i"
triangle,150.00,1,theoretical,rand2,"1.2974 +0.0765295i  0.18905 +0.0157902i 0.189049 +0.0156937i  0.561094 +0.015268i"
triangle,200.00,1,theoretical,rand2,"1.30285 +0.058051i 0.190222 +0.0120024i 0.190221 +0.0118734i 0.561989 +0.0115565i"
triangle,100.00,1,reconstructed,rand2,"1.29348 +0.112274i 0.182694 +0.0225939i 0.195102 +0.0239718i 0.554617 +0.0222187i"
triangle,150.00,1,reconstructed,rand2,"1.3009 +0.0767143i  0.175128 +0.015781i 0.153996 +0.0136122i 0.570218 +0.0151385i"
triangle,200.00,1,reconstructed,rand2,"1.3063 +0.0583641i 0.193293 +0.0121169i 0.183233 +0.0118132i 0.574299 +0.0117721i"
triangle,100.00,1,theoretical,rand1,"0.160083 +0.0102597i 0.0781106 +0.00958089i  0.078113 +0.00960564i   0.213339 +0.0168132i"
triangle,150.00,1,theoretical,rand1,"0.161384 +0.00704538i 0.0794481 +0.00661871i 0.0794505 +0.00665579i   0.215555 +0.0115767i"
triangle,200.00,1,theoretical,rand1,"0.161859 +0.00533823i 0.0799397 +0.00502773i 0.0799421 +0.00507715i   0.216367 +0.0087845i"
triangle,100.00,1,reconstructed,rand1,"0.159497 +0.0101745i 0.0768407 +0.00939123i 0.0820764 +0.00986746i   0.216038 +0.0169703i"
triangle,150.00,1,reconstructed,rand1,"0.164953 +0.00723449i 0.0801657 +0.00674871i 0.0767834 +0.00642017i   0.211918 +0.0113468i"
triangle,200.00,1,reconstructed,rand1,"0.160608 +0.0052393i 0.0767865 +0.00489841i 0.0827991 +0.00516554i   0.219512 +0.0089707i"
triangle,100.00,1,theoretical,rand2,"1.66189 +0.125362i  -0.68611 -0.0840647i -0.686111 -0.0841698i    1.47225 +0.101926i"
triangle,150.00,1,theoretical,rand2,"1.67829 +0.0863086i -0.697861 -0.0579875i -0.697862 -0.0581463i    1.48537 +0.070086i"
triangle,200.00,1,theoretical,rand2,"1.68429 +0.0655109i -0.702179 -0.0439567i  -0.70218 -0.0441691i    1.49017 +0.053154i"
triangle,100.00,1,reconstructed,rand2,"1.65306 +0.124207i -0.665983 -0.0821359i -0.678594 -0.0837967i    1.47944 +0.101969i"
triangle,150.00,1,reconstructed,rand2,"1.68467 +0.0856739i -0.684711 -0.0574844i -0.728484 -0.0594744i   1.51351 +0.0709297i"
triangle,200.00,1,reconstructed,rand2,"1.67769 +0.0653617i  -0.73551 -0.0450076i -0.704744 -0.0442338i   1.51689 +0.0539782i"
triangle,100.00,1,theoretical,rand1,"2.04184 +0.179183i  0.082443 +0.0101459i 0.0824458 +0.0100937i  0.797675 +0.0265922i"
triangle,150.00,1,theoretical,rand1,"2.06587 +0.123425i 0.0838647 +0.00698693i 0.0838678 +0.00690733i   0.800394 +0.0180454i"
triangle,200.00,1,theoretical,rand1,"2.07468 +0.0936122i 0.0843872 +0.00528362i  0.0843904 +0.0051769i   0.801371 +0.0135999i"
triangle,100.00,1,reconstructed,rand1,"2.04581 +0.178155i 0.090055 +0.0104177i 0.109696 +0.0126743i  0.811088 +0.027062i"
triangle,150.00,1,reconstructed,rand1,"2.09316 +0.12562i 0.0793134 +0.00692439i 0.0378511 +0.00471241i   0.808425 +0.0184396i"
triangle,200.00,1,reconstructed,rand1,"2.1378 +0.096725i 0.0593606 +0.00528666i 0.0943519 +0.00623553i   0.832076 +0.0144121i"
triangle,100.00,1,theoretical,rand2,"1.66581 +0.134663i 0.546607 +0.0670801i 0.546607 +0.0669936i  1.10945 +0.0664915i"
triangle,150.00,1,theoretical,rand2,"1.68364 +0.092715i 0.555974 +0.0463332i 0.555974 +0.0462021i  1.11776 +0.0456087i"
triangle,200.00,1,theoretical,rand2,"1.69017 +0.0703277i 0.559416 +0.0351878i 0.559417 +0.0350125i   1.1208 +0.0345319i"
triangle,100.00,1,reconstructed,rand2,"1.68048 +0.136454i   0.56767 +0.068119i 0.556621 +0.0671951i   1.09948 +0.066645i"
triangle,150.00,1,reconstructed,rand2,"1.69443 +0.0932938i 0.549281 +0.0471544i 0.548312 +0.0460267i   1.10682 +0.045589i"
triangle,200.00,1,reconstructed,rand2,"1.71477 +0.0715999i 0.563745 +0.0358487i 0.545463 +0.0345875i  1.12836 +0.0343985i"
triangle,100.00,1,theoretical,rand1,"0.314226 +0.0109776i 0.0601215 +0.00732787i  0.060124 +0.00733842i   0.784931 +0.0687649i"
triangle,150.00,1,theoretical,rand1,"0.315371 +0.00747699i 0.0611477 +0.00504065i 0.0611502 +0.00505628i    0.79414 +0.0474183i"
triangle,200.00,1,theoretical,rand1,"0.315783 +0.00565847i 0.0615248 +0.00380611i 0.0615274 +0.00382685i   0.797516 +0.0360206i"
triangle,100.00,1,reconstructed,rand1,"0.317764 +0.0110085i  0.0799237 +0.0094296i 0.0643057 +0.00727676i   0.807271 +0.0707958i"
triangle,150.00,1,reconstructed,rand1,"0.315677 +0.00732379i  0.0458616 +0.0039356i 0.0619901 +0.00501363i   0.797931 +0.0472513i"
triangle,200.00,1,reconstructed,rand1,"0.318292 +0.00563231i 0.0666863 +0.00415359i 0.0659961 +0.00386553i   0.807565 +0.0365521i"
triangle,100.00,1,theoretical,rand2,"1.10192 +0.0792301i 0.492321 +0.0604037i  0.49232 +0.0603376i  1.12652 +0.0824001i"
triangle,150.00,1,theoretical,rand2,"1.11219 +0.0544981i 0.500754 +0.0417299i 0.500753 +0.0416301i  1.13723 +0.0567368i"
triangle,200.00,1,theoretical,rand2,"1.11595 +0.0413341i 0.503852 +0.0317006i 0.503852 +0.0315672i  1.14115 +0.0430861i"
triangle,100.00,1,reconstructed,rand2,"1.08843 +0.0783258i 0.478357 +0.0592746i 0.510838 +0.0615553i  1.14424 +0.0838293i"
triangle,150.00,1,reconstructed,rand2,"1.12714 +0.0551772i 0.508019 +0.0424411i  0.495694 +0.041485i  1.13737 +0.0565806i"
triangle,200.00,1,reconstructed,rand2,"1.12515 +0.0415485i 0.490934 +0.0315338i 0.526989 +0.0324467i  1.14325 +0.0435917i"
triangle,100.00,1,theoretical,rand1,"0.826266 +0.0594191i 0.369094 +0.0452841i 0.369096 +0.0452732i  0.844374 +0.061708i"
triangle,150.00,1,theoretical,rand1,"0.833973 +0.0408717i  0.375416 +0.031284i 0.375418 +0.0312672i 0.852403 +0.0424513i"
triangle,200.00,1,theoretical,rand1,"0.836793 +0.0309996i 0.377739 +0.0237648i 0.377742 +0.0237421i 0.855341 +0.0321974i"
triangle,100.00,1,reconstructed,rand1,"0.826181 +0.0591969i 0.373061 +0.0461141i 0.394845 +0.0471087i 0.864364 +0.0640935i"
triangle,150.00,1,reconstructed,rand1,"0.836459 +0.0411322i 0.377636 +0.0311713i 0.363891 +0.0302122i 0.821446 +0.0410783i"
triangle,200.00,1,reconstructed,rand1,"0.847925 +0.0316165i 0.392959 +0.0243472i 0.349068 +0.0229326i 0.851737 +0.0317825i"
triangle,100.00,1,theoretical,rand2,"0.704339 +0.0606702i -0.120297 -0.0147149i -0.120298 -0.0147626i  0.320532 +0.0136115i"
triangle,150.00,1,theoretical,rand2,"0.712455 +0.0417718i -0.122355 -0.0101437i -0.122356 -0.0102157i 0.322069 +0.00930597i"
triangle,200.00,1,theoretical,rand2,"0.71543 +0.031667i -0.123111 -0.00768246i -0.123112 -0.00777865i  0.322627 +0.00705168i"
triangle,100.00,1,reconstructed,rand2,"0.695857 +0.0598258i  -0.112551 -0.014364i -0.126257 -0.0149549i  0.321314 +0.0136566i"
triangle,150.00,1,reconstructed,rand2,"0.706203 +0.0413946i -0.127182 -0.0102512i -0.129799 -0.0106365i   0.3307 +0.00959632i"
triangle,200.00,1,reconstructed,rand2,"0.698499 +0.031005i  -0.123196 -0.0076858i -0.126825 -0.00787713i   0.32115 +0.00694524i"
triangle,100.00,1,theoretical,rand1,"0.600024 +0.0196081i 0.00486869 +0.000510567i 0.00487897 +0.000602208i        1.5505 +0.136315i"
triangle,150.00,1,theoretical,rand1,"0.602012 +0.0132809i 0.00494483 +0.000318152i  0.0049552 +0.000455236i      1.56876 +0.0939802i"
triangle,200.00,1,theoretical,rand1,"0.602726 +0.0099871i 0.00497281 +0.000205133i  0.0049832 +0.000387718i      1.57546 +0.0713684i"
triangle,100.00,1,reconstructed,rand1,"0.601892 +0.0197263i -0.00936102 -0.00114155i  0.0121347 +0.000423913i        1.5886 +0.138802i"
triangle,150.00,1,reconstructed,rand1,"0.601887 +0.0132003i   0.0367505 +0.00237327i 0.00514078 +0.000404503i      1.56539 +0.0935964i"
triangle,200.00,1,reconstructed,rand1,"0.59255 +0.00983958i    0.0124163 +0.00038696i 0.000217892 +0.000489596i       1.56135 +0.0706961i"
triangle,100.00,1,theoretical,rand2,"0.20883 +0.0116492i  0.10149 +0.0124355i 0.101488 +0.0124063i 0.348051 +0.0287739i"
triangle,150.00,1,theoretical,rand2,"0.210259 +0.00799765i 0.103227 +0.00858278i 0.103226 +0.00853872i   0.351867 +0.019848i"
triangle,200.00,1,theoretical,rand2,"0.21078 +0.00606889i 0.103865 +0.00651122i  0.103864 +0.0064524i   0.353265 +0.015092i"
triangle,100.00,1,reconstructed,rand2,"0.214497 +0.0117632i 0.0935576 +0.0119422i  0.102902 +0.0125417i   0.350386 +0.028963i"
triangle,150.00,1,reconstructed,rand2,"0.209111 +0.00791576i 0.0988381 +0.00832281i  0.101739 +0.00846709i   0.349853 +0.0196468i"
triangle,200.00,1,reconstructed,rand2,"0.211543 +0.00598351i 0.0978577 +0.0063142i 0.105574 +0.00656565i  0.355732 +0.0150769i"
triangle,100.00,1,theoretical,rand1,"0.587142 +0.0218873i 0.158192 +0.0193793i 0.158191 +0.0193119i   1.41231 +0.123107i"
triangle,150.00,1,theoretical,rand1,"0.589489 +0.0149396i 0.160896 +0.0133954i 0.160895 +0.0132935i  1.42879 +0.0848233i"
triangle,200.00,1,theoretical,rand1,"0.590336 +0.011324i 0.161889 +0.0101839i 0.161888 +0.0100476i  1.43484 +0.0643655i"
triangle,100.00,1,reconstructed,rand1,"0.576138 +0.0214398i  0.14791 +0.0184317i 0.161698 +0.0193906i   1.40561 +0.122527i"
triangle,150.00,1,reconstructed,rand1,"0.606905 +0.0150944i 0.159228 +0.0134881i 0.175996 +0.0135905i  1.43091 +0.0852752i"
triangle,200.00,1,reconstructed,rand1,"0.590628 +0.0110583i 0.151086 +0.00988696i  0.157149 +0.0101185i   1.43388 +0.0643621i"
triangle,100.00,1,theoretical,rand2,"2.29212 +0.201362i 0.0614197 +0.00763841i 0.0614239 +0.00761311i   0.890708 +0.0294581i"
triangle,150.00,1,theoretical,rand2,"2.31912 +0.13878i 0.0624824 +0.00530736i  0.0624868 +0.0052685i   0.893697 +0.0200446i"
triangle,200.00,1,theoretical,rand2,"2.32901 +0.105341i  0.062873 +0.00406379i 0.0628774 +0.00401153i   0.894771 +0.0151679i"
triangle,100.00,1,reconstructed,rand2,"2.3277 +0.204684i 0.0711571 +0.00765283i  0.0230296 +0.0044566i    0.890251 +0.029338i"
triangle,150.00,1,reconstructed,rand2,"2.28159 +0.137106i 0.0679731 +0.00561711i 0.0461616 +0.00478922i    0.91461 +0.0207589i"
triangle,200.00,1,reconstructed,rand2,"2.2991 +0.104457i 0.0609033 +0.00388247i 0.0480588 +0.00331471i   0.894641 +0.0151921i"
triangle,100.00,1,theoretical,rand1,"0.639145 +0.0560082i -0.0389502 -0.00480096i  -0.038947 -0.00478626i   0.252718 +0.00859151i"
triangle,150.00,1,theoretical,rand1,"0.646656 +0.0385707i -0.0396144 -0.00334948i -0.0396111 -0.00332779i   0.253609 +0.00581521i"
triangle,200.00,1,theoretical,rand1,"0.649409 +0.0292452i -0.0398584 -0.00257937i -0.0398552 -0.00255063i   0.253929 +0.00436451i"
triangle,100.00,1,reconstructed,rand1,"0.642922 +0.0566945i -0.0366716 -0.00477704i  -0.049228 -0.00568941i   0.254745 +0.00872178i"
triangle,150.00,1,reconstructed,rand1,"0.64264 +0.0383145i -0.0440677 -0.00321757i -0.0463388 -0.00364306i   0.251052 +0.00590735i"
triangle,200.00,1,reconstructed,rand1,"0.660136 +0.0298722i -0.0404522 -0.0023968i  -0.048721 -0.0029829i  0.246291 +0.00432768i"
triangle,100.00,1,theoretical,rand2,"0.449657 +0.0391176i 0.0556444 +0.00682955i 0.0556465 +0.00684048i  0.189836 +0.00723537i"
triangle,150.00,1,theoretical,rand2,"0.454894 +0.0269566i 0.0565995 +0.00471018i 0.0566017 +0.00472639i  0.190624 +0.00491919i"
triangle,200.00,1,theoretical,rand2,"0.456813 +0.0204595i 0.0569505 +0.00356957i 0.0569527 +0.00359109i  0.190908 +0.00370611i"
triangle,100.00,1,reconstructed,rand2,"0.445509 +0.0389696i 0.0592858 +0.00691428i 0.0533726 +0.00670215i  0.190388 +0.00721815i"
triangle,150.00,1,reconstructed,rand2,"0.445318 +0.0266197i 0.0553198 +0.00459835i 0.0524634 +0.00442301i  0.188132 +0.00482067i"
triangle,200.00,1,reconstructed,rand2,"0.466509 +0.0208458i  0.056063 +0.00366149i 0.0658709 +0.00404031i  0.195349 +0.00387733i"